,Strategy Return,SPY Buy&Hold,DJIA Buy&Hold,Russell 2000 Buy&Hold
2019-11-01,-0.0043214276976617505,0.009221310580126207,0.011072333470039553,0.01705744526168207
2019-11-04,0.007752294252897141,0.013267727945042385,0.0153059347957607,0.022208644581692916
2019-11-05,-0.0020213577338974442,0.012146424537315736,0.016433722763779635,0.02362186601510663
2019-11-06,-0.009100503544095861,0.012377044696629147,0.016431123227638178,0.017157540794016324
2019-11-07,-0.021025127628750306,0.01593115034538406,0.02314651854323113,0.02000111650833425
2019-11-08,-0.056588284751835194,0.018433647942885267,0.023384559557545037,0.023112696662179966
2019-11-11,-0.07161033228820668,0.016486497330767236,0.02376343528812508,0.0204921687732611
2019-11-12,-0.03988952080409558,0.018627001511374086,0.02376343528812508,0.020716093325207297
2019-11-13,-0.009081431087667569,0.018956794066430804,0.027162738145455778,0.016908034583134723
2019-11-14,-0.023240481695224302,0.020438882112544743,0.027102515515395886,0.016658435612713518
2019-11-15,-0.05841550356680336,0.027796706999441367,0.035311362410787694,0.021548195441207563
2019-11-18,-0.10614144196531294,0.028554575904196078,0.03646895505942016,0.018914876499924738
2019-11-19,-0.12246402673397394,0.028257762744653858,0.03268378425771834,0.022715144886700456
2019-11-20,-0.14076992508208097,0.024426931891284642,0.028500461228551766,0.018431749148146714
2019-11-21,-0.1925762143387253,0.022777260339069016,0.026472567553407433,0.013524886475716924
2019-11-22,-0.25734524603084163,0.02504936770909527,0.030506378544181256,0.016706416583317285
2019-11-25,-0.2523580174417016,0.032963040964283374,0.03753773958527851,0.03758064599693589
2019-11-26,-0.23398179631995897,0.035300876647347934,0.0395766542991165,0.03907012283235911
2019-11-27,-0.21383203486409763,0.03990544594039491,0.0411399370883625,0.04536515651223816
2019-11-29,-0.18479670112754343,0.03604150219114244,0.036969481362739254,0.039205757328873325
2020-01-02,-0.20451965651243953,0.04568555370859184,0.04890450542570535,0.03814640375723033
2020-01-03,-0.17816292215850082,0.037737218336350464,0.04037075571184312,0.03446505870850025
2020-01-06,-0.17416775196150913,0.04168877297251172,0.0428565454283063,0.035952598044211914
2020-01-07,-0.20989559396176294,0.038755513371955264,0.038498446721023205,0.032864950656235736
2020-01-08,-0.19588427124966534,0.04427696722063268,0.044346283360464867,0.03614827385635477
2020-01-09,-0.19690340970238795,0.05133390496120982,0.0520134210121439,0.03701989658117011
2020-01-10,-0.20177575770944534,0.04830414773611191,0.047165581800747036,0.03243191456489436
2020-01-13,-0.21182882589534924,0.055489026181972045,0.050186821361609235,0.03986041142303365
2020-01-14,-0.16150465793832036,0.05387856155979809,0.05137119948444657,0.043671287164184225
2020-01-15,-0.10438024106133559,0.056257549900735615,0.05465575151310276,0.04781101661432263
2020-01-16,-0.0741586627915386,0.06500747234167226,0.0643265307401073,0.06192792042149087
2020-01-17,-0.0326588796499947,0.06831735262974581,0.06615803116357766,0.05844729774714752
2020-01-21,-0.02733234476306834,0.06622335315830985,0.06061961377372094,0.049855973932747766
2020-01-22,-0.012189759318852689,0.06635194566439839,0.06026465156659144,0.04895882387026984
2020-01-23,-0.016674381765913737,0.06757420619644483,0.059313181778060775,0.0493012982546468
2020-01-24,-0.015540291500060643,0.05803768187745706,0.05310630282598061,0.03501879480049741
2020-01-27,0.02507139949241477,0.040940750040776575,0.03648599087604354,0.023692995523144633
2020-01-28,0.049747072924331004,0.05179208282939385,0.0432578647601507,0.03247790577628584
2020-01-29,0.07600520035398106,0.05092303831813383,0.04367909527811209,0.02680277148864585
2020-01-30,0.10109092093210559,0.054328122615388,0.04820908630791543,0.02617998361610674
2020-01-31,0.05942146181746599,0.03500777572631075,0.02606014641921872,0.004688573315405176
2020-02-03,0.07500598989884955,0.04266791048624685,0.031268030639122424,0.015923122129811507
2020-02-04,0.06578490312203722,0.05843959167565904,0.045971683341040404,0.031095969239127497
2020-02-05,0.22520439719030572,0.07059253049574266,0.06337127040245649,0.04663055245910286
2020-02-06,0.22735840957578102,0.0741888251132985,0.06659451788374082,0.04385143138412695
2020-02-07,0.21892370221057456,0.06844832570014847,0.056481165079298234,0.030902721563147217
2020-02-10,0.22722518883051368,0.07639506081944858,0.06279012260464323,0.037656672229930965
2020-02-11,0.24970077452768846,0.07825889015933418,0.06277268076408893,0.043761297675150024
2020-02-12,0.28765169702488946,0.08518350377639572,0.0727118565543472,0.05112090418660742
2020-02-13,0.28449956956969635,0.08402505984293418,0.06805139738598043,0.05383016326625856
2020-02-14,0.3293199780275551,0.0857605585621477,0.06713515114387514,0.04999045740575436
2020-02-18,0.35991201539115636,0.08295884781705176,0.061096352720765745,0.047461373902352166
2020-02-19,0.23537707480732029,0.08812434368158417,0.06529290229131868,0.05307702485753918
2020-02-20,0.20349543890289246,0.08364502665047979,0.06063473734284863,0.055252393745653716
2020-02-21,0.22563494851370924,0.07242743305221122,0.05234199397203443,0.044332940435074075
2020-02-24,0.14993198965116372,0.036256803081333056,0.014215096542352423,0.012426077840382188
2020-02-25,0.07570904316444715,0.0043702544363475315,-0.018197100191368776,-0.02313901412374675
2020-02-26,-0.04418374707493933,0.000669272794450837,-0.02269450433903375,-0.03510663122603341
2020-02-27,-0.02434307009175507,-0.045313032945288545,-0.06685329898246573,-0.06983305018546815
2020-02-28,-0.05393503177652248,-0.049332522241425814,-0.07988289240634228,-0.08324331142352115
2020-03-18,-0.06289666693284324,-0.09872892089386176,-0.13978014413149364,-0.18416929225140022
2020-03-19,0.01586894537912298,-0.0968157444350558,-0.13167961180405285,-0.13035032844566508
2020-03-20,0.00038555653410843327,-0.13660130091529032,-0.17208090550256328,-0.1680014061660574
2020-03-25,-0.02277000892601544,-0.12377181521539693,-0.15249541641513154,-0.1575735641247148
2020-03-26,-0.020339065056685035,-0.07404698435201462,-0.10011613561243671,-0.10610783438556981
2020-03-27,-0.017914173657512023,-0.10204630109282586,-0.13740433224678805,-0.1434800404792459
2020-03-30,-0.04150863615890621,-0.07334812310560723,-0.11029845728493215,-0.12378565227725602
2020-03-31,-0.03903192591208815,-0.08726410931010997,-0.12680093424856942,-0.12774323779180308
2020-04-01,-0.002324689241332556,-0.12929476451362065,-0.16648005751243433,-0.19136322244903836
2020-04-02,0.024335386046078877,-0.10943125953570076,-0.1479843043690976,-0.1810049240891035
2020-04-03,0.03265732607024341,-0.12239758136317136,-0.16246689034496298,-0.20687338977740843
2020-04-06,0.12931155618288548,-0.06534759083613306,-0.10010221622364024,-0.1440443968491718
2020-04-07,0.11127230028776736,-0.06439510135950022,-0.10113963551393368,-0.1437512954060588
2020-04-08,0.1747573050713025,-0.03350395965194841,-0.07072274570474069,-0.10517955509725208
2020-04-09,0.14795640364351503,-0.018907196351553135,-0.05945771723728477,-0.06475444316873147
2020-04-13,0.11645562234199369,-0.02790595367972659,-0.07257875010995252,-0.09114631084676827
2020-04-14,0.10824792248117365,0.00034922381101476496,-0.05067601580655445,-0.07237768770140951
2020-04-15,0.07600175047830726,-0.021135350033869793,-0.06849748448947468,-0.11326187011291766
2020-04-16,0.14448953366429818,-0.016424267362858624,-0.06717751350715051,-0.11768418741800324
2020-04-17,0.14073030056816993,0.009794721827124597,-0.03965518275381885,-0.08028483145145349
2020-04-20,0.07603445697685363,-0.008154286395942623,-0.06339989281646341,-0.0921464580805772
2020-04-21,0.0879577576353281,-0.03873675350870709,-0.08875076380538549,-0.11354131304279003
2020-04-22,0.14109650361289328,-0.017635106812178725,-0.07083908253893811,-0.10133588859409381
2020-04-23,0.15061980689289767,-0.01770573307141976,-0.0692793989992756,-0.09200530634628346
2020-04-24,0.1769822112670485,-0.0041082575990557535,-0.05904483882631628,-0.0779126372443899
2020-04-27,0.1609225627657458,0.010148331056220261,-0.044961991452128314,-0.04210158591822977
2020-04-28,0.16520676947449764,0.005492475102888861,-0.04623821209419232,-0.030071855441266893
2020-04-29,0.214950146984336,0.03147603125071541,-0.025402610828323957,0.015667199863219405
2020-04-30,0.17134443316109715,0.02182752947352329,-0.0368695297546241,-0.022433037461274896
2020-05-01,0.20218538037686273,-0.005588262625823903,-0.06179726202645719,-0.06059555844169362
2020-05-04,0.20738097589879478,-0.002849396168316698,-0.06076682326843286,-0.05799814951756632
2020-05-05,0.2162406153612868,0.006321473200437522,-0.055508756160682404,-0.05091491980737839
2020-05-06,0.21311348343126113,-0.0005233677030673789,-0.06418739650753014,-0.05877249647716587
2020-05-07,0.2434659811113391,0.011465022729519658,-0.05587063148777549,-0.044043417722868794
2020-05-08,0.2941760286529924,0.028063911659776064,-0.03803108723987214,-0.009856810514601189
2020-05-11,0.2657180119793685,0.028274846798939546,-0.04236332794422437,-0.01613190013612875
2020-05-12,0.3039849201910103,0.007572662529027774,-0.060612325103732934,-0.05076507379260231
2020-05-13,0.3222796751918007,-0.010406635597102643,-0.08126643194633565,-0.08277013149724366
2020-05-14,0.3467009422269087,0.0013658725230245583,-0.06647297341398972,-0.07957753223769548
2020-05-15,0.33546914510479775,0.0059586013575503305,-0.06410199450279686,-0.06523154396478437
2020-05-18,0.35863078850499686,0.03614228805331443,-0.028743930650921068,-0.009865651030865896
2020-05-19,0.36671750914816426,0.025444876206339284,-0.04428738196287452,-0.029336001701686265
2020-05-20,0.37574395037162467,0.04271882862885046,-0.029827196220775898,-0.0006598419779030307
2020-05-21,0.34407773467256497,0.035495009990866855,-0.033853516428424046,-0.00019252596309038417
2020-05-22,0.39082343670089026,0.0374596786820911,-0.03420724829662225,0.005703288907259907
2020-05-26,0.39632822363482645,0.05016358817877964,-0.013510203709357849,0.033176450576284156
2020-05-27,0.40474188391097443,0.06567392705629005,0.008083470877963794,0.06479394273938177
2020-05-28,0.42572496125840553,0.0637059394927928,0.002241435149836324,0.038002235957924624
2020-05-29,0.4341845209602495,0.06843531500065048,0.0015494600255907542,0.03307723651328298
2020-06-01,0.48495805103275225,0.07274488715833005,0.005169438564133877,0.041439558186550984
2020-06-02,0.4508841670876622,0.08159075334168597,0.01567428228454104,0.050911321489457206
2020-06-03,0.47780863783174987,0.09588986299172109,0.03626634255098926,0.07572164467025444
2020-06-04,0.4890139773931754,0.0930076689109316,0.03673682519085797,0.07569948889271116
2020-06-05,0.46499012030424813,0.12066770416470107,0.06893929325489556,0.11575551318120691
2020-06-08,0.5031047283510437,0.1341326821660691,0.08698071607841285,0.13755786365696854
2020-06-09,0.5167568646476599,0.12564412565840155,0.07508356043569187,0.11525402423232589
2020-06-10,0.5511697554621695,0.11934554710041811,0.06389678005085253,0.08551152933381845
2020-06-11,0.40895197131994454,0.05288157542009242,-0.012146881491898909,-9.330489831760325e-06
2020-06-12,0.47974580387506927,0.06541568945106224,0.006443697485070343,0.022922385559143832
2020-06-15,0.4677989927515489,0.07531572874727743,0.012620114512510217,0.046192692472521335
2020-06-16,0.4881366093548962,0.09581653218972463,0.033117900215986484,0.06998185340010177
2020-06-17,0.5031980478220466,0.09125530098512424,0.026401036101397546,0.05085482785455442
2020-06-18,0.4797128067277936,0.09167523073995087,0.024847277549605362,0.05144392957762811
2020-06-19,0.48654436791344247,0.08541850149718488,0.01661561243057097,0.045015491042098565
2020-06-22,0.5167399563472868,0.09235954156533399,0.022629551193606767,0.05593416165993714
2020-06-23,0.5540558012832113,0.09737672392259955,0.02776959863969264,0.06020509548312303
2020-06-24,0.5254426793726119,0.06902084625785387,-0.0005210316130156434,0.023025845266997136
2020-06-25,0.53955842042322,0.08042041492207996,0.011180411645452137,0.040230930457457736
2020-06-26,0.5047886971057545,0.054449099208523366,-0.01790726556916078,0.014500359622406034
2020-06-29,0.5347944589326947,0.06983412201787997,0.004612752622815908,0.04524938112415966
2020-06-30,0.5567153912441709,0.08345134454909209,0.013097028198695515,0.059972191991858104
2020-07-01,0.661143452633586,0.09101423200855696,0.010034607342221502,0.049581865576024065
2020-07-02,0.6765578616811381,0.09700574503801707,0.013654143373362793,0.05292236269403294
2020-07-06,0.747337477593429,0.11381133702113666,0.03153628367270378,0.06099494099878289
2020-07-07,0.7933950177294062,0.10226389401159697,0.015844656115285405,0.041042799184650924
2020-07-08,0.9320600763519564,0.11066277367428645,0.022769798030723765,0.049390535567495286
2020-07-09,0.8832380722762785,0.1043217242352652,0.008499154130390263,0.028241031719919096
2020-07-10,0.8440207288834503,0.11554034952583137,0.022880970604600037,0.045558577505987685
2020-07-13,0.7822362072202949,0.10583870188852851,0.023292781322346245,0.03141896406343947
2020-07-14,0.8176347525813206,0.12007734258638969,0.044904645439787894,0.04940482154443937
2020-07-15,0.8538556918719302,0.13032066834160516,0.053789545292731056,0.08552068804489821
2020-07-16,0.7962924602575585,0.1265918942394597,0.04846646070803784,0.07762754072756906
2020-07-17,0.8322312216178389,0.12985326346495585,0.046002214217987225,0.08184874087057792
2020-07-20,0.8119603087758798,0.13894760249916005,0.04635197111577627,0.07789838669461302
2020-07-21,0.8313697180315018,0.1413682696838443,0.05258972794456751,0.09216625952849355
2020-07-22,0.8510753398622015,0.14784643736046044,0.059057790195732984,0.09409556842564393
2020-07-23,0.8572637612554446,0.13406837321944165,0.04510305828692385,0.0941395743346618
2020-07-24,0.8280537692763612,0.12674099545621176,0.03792456395759536,0.07738180984998766
2020-07-27,0.7482663595900145,0.13492778985471632,0.04241939342863876,0.08986294813894125
2020-07-28,0.8214507068579031,0.1277067269878709,0.03433058280959478,0.0788771929598191
2020-07-29,0.7881040874688452,0.14149143886541715,0.04059656961317293,0.10130262034926352
2020-07-30,0.817856506734276,0.13741152604620321,0.031700501430505845,0.09723667134004832
2020-07-31,0.8618034716631671,0.1463640508859292,0.036186689592621946,0.08641741795847624
2020-08-03,0.9418157112973082,0.15430636230577366,0.045401687190502305,0.10559877675675278
2020-08-04,0.9216764156962081,0.15875638530278735,0.051814501303864446,0.1132106771933834
2020-08-05,0.9641883880011852,0.16593098576462517,0.06633919030408397,0.13430944262115885
2020-08-06,0.9746018930458868,0.17369882609051168,0.07358485658305614,0.13312040401352188
2020-08-07,0.9308427038081966,0.1745412955971979,0.07540613670182905,0.15099572048562204
2020-08-10,0.9716619930651511,0.17804653959909578,0.08934754866976258,0.16230193687432504
2020-08-11,0.8710778544738296,0.16828178505199776,0.08524256469450542,0.15526133396112018
2020-08-12,1.0226099034424831,0.18445780961536773,0.0965478354698166,0.16122357946764976
2020-08-13,1.172671790606275,0.1823147075380367,0.09340307327507191,0.15868311853288652
2020-08-14,1.108434756530682,0.1823498222731499,0.09474657916094742,0.1572813731960121
2020-08-17,1.116489029692325,0.1860997883886788,0.09136633900582347,0.16283481684937473
2020-08-18,1.0611218439437824,0.18865944689393777,0.08874343782110472,0.15126257475415006
2020-08-19,0.9844977390531402,0.1836997474060149,0.08539936208346721,0.15294809667933706
2020-08-20,1.0187786744238019,0.18737965079430619,0.08723404195939755,0.14723556478449873
2020-08-21,0.8845572905675292,0.19158430942108184,0.09467887644914685,0.1385339768103837
2020-08-24,0.968177899670654,0.20359807977567268,0.10939960904738766,0.1502004929357197
2020-08-25,0.8548770852030128,0.2078023837862808,0.10704488890400032,0.15220804720042636
2020-08-26,0.8578755121571338,0.21985105268348692,0.11031163002528332,0.14409831481331992
2020-08-27,0.7993483215702946,0.2225154579146531,0.11657792296985492,0.14729847288648323
2020-08-28,0.8471479504648647,0.2303867728445086,0.1228929266201848,0.15735909696067174
2020-08-31,0.8490119202917483,0.22592147798399065,0.11408745773054152,0.14522602337081247
2020-09-01,0.8634328948964851,0.23741391486917407,0.12250465794168397,0.15740602195975573
2020-09-02,0.7592338211210992,0.2551837296835102,0.14018792555952797,0.1674147776291921
2020-09-03,0.5356473195592675,0.21122667598880152,0.10809111278748174,0.1319762066862935
2020-09-04,0.5803249391666427,0.20129665069360358,0.10182973894375147,0.12508137307081668
2020-09-08,0.5660808857784037,0.16801693035518772,0.07677863443507982,0.1023486309818209
2020-09-09,0.6473867777999711,0.19085753914502668,0.09385398554143509,0.11827096047746855
2020-09-10,0.6895465995733387,0.16999824978595846,0.07784704207807214,0.1044648485969284
2020-09-11,0.6902073660162606,0.17059371491758646,0.08296526394117998,0.09676119478215361
2020-09-14,0.7051332887742545,0.1859113664685601,0.09571722075771016,0.12546284718975986
2020-09-15,0.6452125762968235,0.19188786283754888,0.0958060513350727,0.12632662270203165
2020-09-16,0.6363360519872261,0.1871481669776025,0.09724480110897282,0.13666245836092195
2020-09-17,0.6843653522504418,0.17666079753497743,0.09212875413908805,0.1295154532906484
2020-09-18,0.6554270686123138,0.16303563381895048,0.08251405964841929,0.12524593989021193
2020-09-21,0.5057291734741864,0.15001896460941233,0.062377410117013365,0.08686804402271742
2020-09-22,0.5582105322174462,0.16167206472208617,0.0678606910292694,0.09540349116911928
2020-09-23,0.43232386769278963,0.13441451181109443,0.047113862323947986,0.06159228570383646
2020-09-24,0.5501496726586959,0.13743416725479074,0.04915845107341421,0.06185554497359713
2020-09-25,0.6003018734461165,0.1556758662911164,0.06309271860263,0.07861065852083726
2020-09-28,0.6001329689260873,0.17471333778703868,0.07901667086756703,0.10421447484531776
2020-09-29,0.5934611185416392,0.16829833294135743,0.07386434785017748,0.1001053601064501
2020-09-30,0.6594187934355964,0.17712283660117367,0.0866588294779691,0.10226725653885183
2020-10-01,0.6082070063716325,0.1846558170768755,0.08803482346363856,0.11932271554163454
2020-10-02,0.5550249289286231,0.17335449188609986,0.08277732929349857,0.12522836239858148
2020-10-05,0.5118684939984626,0.1939792260829445,0.10084606804282803,0.15598846068122052
2020-10-06,0.4188009261861043,0.1768840155424234,0.08604696805682233,0.15257095353135663
2020-10-07,0.44962726158856814,0.19719341736843266,0.10660411687839066,0.17697289545360162
2020-10-08,0.45869989233179087,0.20775670778357047,0.11136570314984318,0.18969611476652326
2020-10-09,0.5097969174537682,0.21849424084522662,0.1176578239022148,0.1962527369236844
2020-10-12,0.5494439321918185,0.23794102205507706,0.12741354184144282,0.20462428333032068
2020-10-13,0.6262813816373214,0.2298355500259992,0.12123092905314659,0.1956790495074936
2020-10-14,0.5664057087760954,0.22208364062660646,0.11472979081479906,0.18452398122918479
2020-10-15,0.8155385782558024,0.2205722513318289,0.11395542776068268,0.19704312066843754
2020-10-16,0.6367568593861246,0.21983457154020392,0.1183297208613614,0.19333427622257138
2020-10-19,0.6240977090108031,0.2011463972831702,0.10214995980717068,0.17850298800790299
2020-10-20,0.5373384577917937,0.2059483214035458,0.10657263782335735,0.18147899363242304
2020-10-21,0.5500761311400868,0.20366342995281084,0.1027364596231175,0.17126134636896828
2020-10-22,0.5273592451808264,0.21024773718154055,0.10869471065166514,0.1904349134588279
2020-10-23,0.5249273250182545,0.21434983622600856,0.10759617497564089,0.1978961977563647
2020-10-26,0.4476393479443155,0.19169891352247537,0.0818850910223734,0.17184613777878388
2020-10-27,0.46937931782661346,0.18758350406371016,0.07316729945991929,0.1612126513306409
2020-10-28,0.3918644821182231,0.14628315399110559,0.03566086196877527,0.12606228882500847
2020-10-29,0.3444009947244091,0.15787464642516258,0.04108115560159642,0.13933637920686914
2020-10-30,0.2921992090636152,0.1457406145959239,0.03491190271541744,0.12235662384291213
2020-11-02,0.27452421091713264,0.15851114909047026,0.051317342008977196,0.1441103661362899
2020-11-03,0.31158535504520635,0.17878717007604195,0.07276676460306364,0.17697419450989815
2020-11-04,0.3287165546238442,0.2048421699005416,0.08702320566292587,0.177542681771375
2020-11-05,0.4581545551215487,0.2281137395341546,0.10799661490338663,0.20988187553582427
2020-11-06,0.4568466921072414,0.22783311320513167,0.10538731854168093,0.2012583700541699
2020-11-09,0.4429218595779163,0.24316555625502323,0.13748774528214303,0.2419430712236723
2020-11-10,0.43901920742413414,0.24134114549194519,0.14769973529066305,0.2650142205982924
2020-11-11,0.4771359706273053,0.25052841607034115,0.14679087739096275,0.26496319080668296
2020-11-12,0.5302636782585837,0.23833785269404806,0.13433948972933973,0.24405753046486467
2020-11-13,0.5341571483434044,0.2553644904329606,0.1498222537902063,0.26969266377811607
2020-11-16,0.6055934863740404,0.27093752781465286,0.16803354860615172,0.2994092755428559
2020-11-17,0.6924600691860967,0.2640836182109183,0.1614989873393149,0.3041823371775525
2020-11-18,0.7076042016759219,0.24877829525220796,0.14796882718727855,0.287636374714378
2020-11-19,0.7088586419033847,0.2540248822971558,0.1497149127269104,0.2983696512983598
2020-11-20,0.7843026365695356,0.24540805870302407,0.1411135450439176,0.2992498809310895
2020-11-23,0.7837313294519326,0.25285119356179764,0.15382444456134836,0.3230172816395376
2020-11-24,0.8545102662264061,0.2728784186251947,0.1714296901697121,0.3484058766145841
2020-11-25,0.8177180206625634,0.2709145491453171,0.16463517287623852,0.3422007598652308
2020-11-27,0.813237719726156,0.27444915113555934,0.16611177918458808,0.3496367137130032
2020-11-30,0.9522462392624336,0.26879444944094244,0.1554695191927009,0.32359860046877675
2020-12-01,0.8787182854595157,0.28259625229600216,0.16267019373305036,0.33535081384938414
2020-12-02,0.9054369943552922,0.28529167399499,0.16500182192115198,0.3367900686996226
2020-12-03,0.9418340919390364,0.28494127856513596,0.16833918865782027,0.3445278121719648
2020-12-04,0.8258105338745514,0.2959670296352508,0.17799611973377405,0.3759757760361806
2020-12-07,0.7985133152633441,0.29330105283161356,0.1721940322835389,0.37510303040540194
2020-12-08,0.7266830104025128,0.2970800210323101,0.17624477835160302,0.39425862295604786
2020-12-09,0.7441277680156819,0.2853942478252549,0.1721417567611141,0.3828487853962399
2020-12-10,0.6931934804489777,0.28497371061301946,0.16942738918027,0.3977083040069065
2020-12-11,0.6175105827827436,0.2834660579744175,0.1712623605418544,0.38968888302154503
2020-12-14,0.6115903985331013,0.27770690261832054,0.1640355539723377,0.39125820926672916
2020-12-15,0.6178391226879056,0.2948650017521173,0.17712789104183746,0.4242308678471045
2020-12-16,0.6861418616811221,0.2968955053353357,0.17538146482414407,0.4191053966293332
2020-12-17,0.676215459562389,0.30412748623278785,0.18116838249304412,0.43739522175804835
2020-12-18,0.7393096724791466,0.2989099162858877,0.176312719560197,0.4315262307190868
2020-12-21,0.6626088481103642,0.29425724058285585,0.17776952555884806,0.4317732512642032
2020-12-22,0.6893037854263633,0.2920740069447698,0.1699111976431824,0.44590960496087617
2020-12-23,0.4987918944840286,0.2932346456220971,0.17435858376232005,0.4583683489161372
2020-12-24,0.5943827639669395,0.2982561076494985,0.17708530086062058,0.45607772828956694
2020-12-28,0.6750656697657873,0.3093615312048885,0.185013704671958,0.45047213787187323
2020-12-28,0.7490517843945439,0.32056195175788016,0.19299551122900094,0.44488812778833364
2020-12-29,0.6968461303680948,0.3180402380613636,0.19031250030071045,0.4179372960448102
2020-12-29,0.31770374121975475,0.3155233397693489,0.18763552338308798,0.3914891657338051
2020-12-30,0.2991848623753943,0.3173990049689259,0.19052480946199912,0.4060634944388166
2020-12-30,0.5661692902843214,0.319277344480569,0.19342112461159844,0.4207904733134684
2020-12-31,0.5949074451612861,0.3259633287961343,0.2011243189403915,0.4171045351876399
2020-12-31,0.9567142273594185,0.3326831971061872,0.20887723520023083,0.41342815944284017
2021-01-04,0.9805802077294001,0.31441537042683665,0.19367067825116524,0.39255500460587456
2021-01-05,1.1095137942412037,0.32343717403728767,0.2002759142122248,0.4161135396343063
2021-01-06,1.4379135570667292,0.33132590334082135,0.21744292196346038,0.47141062751874707
2021-01-07,1.473207074519498,0.3509605512173555,0.22577550814307856,0.49901358082375524
2021-01-08,1.4410918501986045,0.3586361051472593,0.22801799012416812,0.49527012965807193
2021-01-11,1.0753327506149932,0.3494468091520764,0.2244873202594686,0.494805460158553
2021-01-12,1.0371906781833933,0.34973170682123866,0.22685434230157697,0.5209892924207853
2021-01-13,1.1848940465439863,0.3533615930552636,0.2265297536813784,0.5095170654612595
2021-01-14,1.3042769627868283,0.34861383708981974,0.2238039523543376,0.5402085986555045
2021-01-15,1.1660286680654952,0.33874279927147355,0.21678416232741404,0.5170611007763384
2021-01-19,1.2226849859416884,0.34921358318189744,0.22136635406307192,0.5368944334213699
2021-01-20,1.2050940335308926,0.3677568802293665,0.23150642277686728,0.543652753863721
2021-01-21,0.7838805607719364,0.3690033136382189,0.23101784006301296,0.529873881101453
2021-01-22,0.9881516284392595,0.36414920979043464,0.22392830273653286,0.5492825591717594
2021-01-25,0.9070338100494642,0.36951862592579454,0.22246724225927617,0.5453557393593016
2021-01-26,0.9602475333606044,0.36737922283628666,0.22156028465167643,0.5357464065519011
2021-01-27,0.7589598651327663,0.3335446269550051,0.19627176803809765,0.5060586578053468
2021-01-28,0.8704865629008678,0.34496438575973287,0.20806397093791884,0.5045653263600829
2021-01-29,0.8952975426544321,0.3177655927072449,0.1833084030029335,0.480831401018468
2021-02-01,0.9398949825675207,0.33951991538478654,0.1923232852845822,0.5178699991756188
2021-02-02,1.0487978407996246,0.35832832720488117,0.2109456418736051,0.5358110156811531
2021-02-03,1.145178072280371,0.3593959859682656,0.2123700858311388,0.5416961550302581
2021-02-04,1.1827548213114603,0.3747592874586143,0.2254108502236405,0.5718940047962882
2021-02-05,1.455953174030856,0.3801595771945758,0.2290506293176211,0.5938015855978513
2021-02-08,1.5526139400927423,0.39009115875981304,0.23838714811375672,0.6335720873987669
2021-02-09,1.7233644845064702,0.38916524322624757,0.23799529068892178,0.6401508627119863
2021-02-10,1.768503389920434,0.3885599951162495,0.24043805549876374,0.6282938426369244
2021-02-11,2.0182480310584276,0.39080074644426643,0.2401578182283981,0.6303472314293559
2021-02-12,2.2012848769697366,0.39765409132619656,0.24125033910435278,0.6332268505326284
2021-02-16,2.2269557933989006,0.39644313196620673,0.24378678061921333,0.6214345489369242
2021-02-17,2.39425791321496,0.39676369081864604,0.2473434372340424,0.6094197784062962
2021-02-18,2.5913818711664716,0.3908063170947902,0.24261231811317874,0.5822841887531256
2021-02-19,2.8116166235652837,0.3883480908322259,0.24265100323160982,0.6163649012425714
2021-02-22,2.648403048284672,0.37762787334475,0.24373042074218376,0.6051878953359049
2021-02-23,2.1282019339459453,0.379299857795691,0.2443481597185977,0.5910352652323982
2021-02-24,2.3723956880626638,0.3944157419364498,0.2609860304510654,0.6284336918809039
2021-02-25,2.083151560176677,0.3604048713792303,0.23870264032794863,0.5672697112768639
2021-02-26,2.0261996791955816,0.35337704037327344,0.22003698262042337,0.5678965358133701
2021-03-01,2.289934457734979,0.3857917852693189,0.24359714661454945,0.6199290489017206
2021-03-02,2.29688353904642,0.3749358502466058,0.23790591475012746,0.5884339976841233
2021-03-03,2.5089024365781794,0.35660216420067203,0.23310812171395145,0.5714592647125993
2021-03-04,2.382287216912527,0.33970966213604936,0.21938989776153894,0.5275247014413216
2021-03-05,2.4796560570893527,0.36413182427017365,0.2417449417028179,0.5594131987760078
2021-03-08,2.621134680470823,0.3573231974046098,0.25375621111755353,0.5670556189886518
2021-03-09,2.783485246643743,0.3765652965535229,0.2549501983350524,0.596706336891792
2021-03-10,2.6765936635627816,0.38510723125500945,0.27312140551211295,0.6253373096012831
2021-03-11,2.778778305377476,0.3990803570444166,0.2805330729840376,0.6624978460121109
2021-03-12,2.7149176003361726,0.4009633599820863,0.29203290181233155,0.6725976116530303
2021-03-15,2.7707992364499754,0.40929326027796975,0.29890546857510336,0.6778357569194415
2021-03-16,2.884115989235999,0.40751470589636507,0.29386967163332045,0.6486861440059732
2021-03-17,3.017641654307754,0.4123059118466381,0.301314476635012,0.6606336465067615
2021-03-18,2.9820244053898595,0.3916063963405818,0.2952671174492707,0.6109984280074381
2021-03-19,3.130831258547847,0.3890291270200561,0.28599791354310566,0.6251168395304982
2021-03-22,2.9291400363864706,0.4000763574649122,0.2900601366788793,0.6103371051498927
2021-03-23,2.9219254415596136,0.3890131344179055,0.2778612742272397,0.5516318012569967
2021-03-24,2.7169439149341477,0.38193405919974155,0.27773949149571053,0.5146923134071661
2021-03-25,2.6689522174744686,0.38968644289493004,0.2855749560174594,0.5489704411309957
2021-03-26,2.9523449050067985,0.4119026545442388,0.3033209142193567,0.5759512318234448
2021-03-29,3.086411465614681,0.4111893812859784,0.3071964814556012,0.5307580888489063
2021-03-30,3.2022164316840938,0.40744055874590623,0.30307546277254427,0.5568568636032734
2021-03-31,3.269602374374334,0.413133861325528,0.29970533563351376,0.574285789676958
2021-04-01,3.441650195273617,0.4283125215483041,0.30645241133886847,0.5977750691747163
2021-04-05,3.6749032989737653,0.44866756388144435,0.3211071761901736,0.6055468699555384
2021-04-06,3.729830070825085,0.4478117882731272,0.3172812957970246,0.6014727111429179
2021-04-07,3.3084934593627544,0.4494862819392995,0.31791253023414545,0.5756754771847146
2021-04-08,3.644023862848038,0.45635041881548144,0.32016877882950956,0.589471779315681
2021-04-09,3.7559254190492757,0.4669000398833234,0.33182136788987804,0.5900881935293933
2021-04-12,3.7009362272077624,0.4674347602636064,0.3296444597733914,0.5832054483250393
2021-04-13,3.918601114430448,0.4717772706425769,0.32695731444655984,0.5797570643082146
2021-04-14,4.0730602108202465,0.46674238520806766,0.3290684213927535,0.5930258039250067
2021-04-15,4.340067513612907,0.48241479961520506,0.34103587235613264,0.5996387506310843
2021-04-16,4.431641090017446,0.4873613476233807,0.3475088455375057,0.6036025836322645
2021-04-19,4.111286049750945,0.4800358546154042,0.34265220246482286,0.581717492991777
2021-04-20,4.2163174113761865,0.4691598624718911,0.3325147479236219,0.5503770193551494
2021-04-21,3.9535833336850477,0.4829958148632907,0.3449072353362781,0.5863872871032378
2021-04-22,3.505427829188763,0.4693893067822368,0.33218465498734684,0.581407191398251
2021-04-23,3.4878775045477095,0.48523524170375554,0.3411205693519579,0.6089672818386964
2021-04-26,4.105555308508263,0.48833261373494663,0.33867913126568006,0.6273812828726657
2021-04-27,4.4221168003349005,0.4880118804179203,0.33881146484796787,0.6296882873295553
2021-04-28,4.444266852141781,0.48758407509769275,0.33231336286916013,0.6317335359922247
2021-04-29,4.4152764273879335,0.4970340858691107,0.3417337235044846,0.6255608437221563
2021-04-30,4.713503474629657,0.4871653557237794,0.33440607402144873,0.6048860945290877
2021-05-03,5.725901195640786,0.49036940938257323,0.34376346591736584,0.6126564160174146
2021-05-04,5.092323806179264,0.4811463725756244,0.3445432175555312,0.5918750321110635
2021-05-05,5.425802325160377,0.4816095871161019,0.34837087251181,0.5869679080987393
2021-05-06,5.1737952488274095,0.4933940900026652,0.36084688667566023,0.58700317115592
2021-05-07,5.187874272157646,0.5042236271789569,0.36984632089445446,0.608250009542856
2021-05-10,5.032455746827108,0.4892540314130249,0.3684693370019063,0.5659785786583995
2021-05-11,5.417097501420098,0.4759030805879292,0.3496842050888185,0.5619322850918811
2021-05-12,4.789241688757806,0.4442093763460768,0.3225729815082852,0.5102363502864726
2021-05-13,4.67135617669955,0.46145452703081213,0.33954482367380034,0.53535561204777
2021-05-14,5.078196547252656,0.483725121611269,0.3536713094306485,0.5728577778674844
2021-05-17,4.601342230624122,0.47994490786613153,0.3515301832307116,0.5746174386363805
2021-05-18,4.940516618116057,0.46713898395438513,0.3409718325187452,0.563093206820191
2021-05-19,3.15777619718844,0.4632873693798749,0.334474969542641,0.5508567539875546
2021-05-20,3.6630363849884535,0.4789453083226869,0.34186029466191314,0.5608073854768654
2021-05-21,2.7899528469924415,0.4777339403683265,0.346721092319459,0.5661076840929791
2021-05-24,4.018672531407015,0.49272209296878655,0.3540293567321211,0.5746175793387942
2021-05-25,3.883518541253002,0.489406540934449,0.3508162696329653,0.5592800156772408
2021-05-26,4.109864276095134,0.49235937594760637,0.3512331073015611,0.5897454480012905
2021-05-27,3.792740813643867,0.49314256790386013,0.35679576395775103,0.6064785409881657
2021-05-28,3.1844317773827644,0.49581103831173245,0.359344737399665,0.6035782051773084
2021-06-01,3.1111713585376437,0.4944929129609412,0.3611489173488085,0.6216883310373305
2021-06-02,3.209748156691666,0.49684125450590866,0.36213551918665754,0.6238706211954488
2021-06-03,3.388900796457727,0.49127563103239025,0.3612163744043293,0.6106867536548783
2021-06-04,3.121878372324243,0.5048526827879987,0.3682587731231113,0.615738546941152
2021-06-07,2.8484624093064164,0.5033919969448424,0.36328348482925765,0.638731770000396
2021-06-08,2.8383495157545875,0.5037123922593549,0.36208549892689823,0.6560086504824996
2021-06-09,3.258549383620738,0.5014672747990896,0.3560616819636784,0.6442165718448254
2021-06-10,3.18464335354445,0.5084305481917109,0.35681328059169326,0.6330720580815514
2021-06-11,3.256065082124005,0.5109211387089092,0.3573392435139051,0.650221047738764
2021-06-14,3.3763363228506087,0.5143001929757831,0.35395535837955117,0.6433821147073118
2021-06-15,3.3967232813561727,0.5115202313940028,0.35023320506778455,0.639081200761703
2021-06-16,3.166743737758776,0.5030571916238011,0.33973462613757865,0.6352758391511872
2021-06-17,3.1347233088705835,0.5025586554226344,0.3314335526972485,0.6159244274231253
2021-06-18,2.8808447177414194,0.48215057173742903,0.31027051300007136,0.5804207614236088
2021-06-21,2.416999187667108,0.5032185107447953,0.3331687968259809,0.6141976346070863
2021-06-22,2.5052706903633677,0.5112336055458084,0.33586606825960086,0.6211446679879815
2021-06-23,2.6341478391684494,0.5094109999741978,0.33305566514202956,0.6264457931891505
2021-06-24,2.7339985944357497,0.5183140043053736,0.345690198295163,0.6475962427294724
2021-06-25,2.3930671448304044,0.5236975857204269,0.35498505652181556,0.64814669928285
2021-06-28,2.3719172667866784,0.5267661614205654,0.3490470637347587,0.6396100887516658
2021-06-29,2.5094413209331505,0.5275874554173963,0.3494019357173943,0.6300510571208728
2021-06-30,2.4275828898256373,0.5288726501760719,0.3576489468005528,0.6312578500864479
2021-07-01,2.280819803831726,0.5373140530158012,0.36279470678096204,0.6444840647346526
2021-07-02,2.31242072879546,0.5490198930758354,0.36879480476295945,0.6277378666130617
2021-07-06,2.360093783795849,0.5461958249990835,0.36054691279646556,0.6055190879577168
2021-07-07,2.3226024398275014,0.5516505344644844,0.3646493492782352,0.5901637053717668
2021-07-08,2.2252110529415767,0.538955904578303,0.35438597691713736,0.5751501902489098
2021-07-09,2.3142828787867638,0.5552968539371281,0.3719084828896928,0.60889118088433
2021-07-12,2.2076261855686505,0.5608578485457849,0.3768575743065363,0.6101750070955807
2021-07-13,2.1634184042574818,0.5555278492171836,0.3726260002078068,0.5795711443603728
2021-07-14,2.175036374171521,0.5578473009697293,0.3743733411856778,0.5536072686306659
2021-07-15,2.07264313909085,0.5525173211642478,0.376487929395267,0.5450692824465344
2021-07-16,2.0377178460332566,0.5402919932436696,0.36466720774542205,0.5258688923733645
2021-07-19,1.9427208056143188,0.5173754478507797,0.3358097859094282,0.5027276444168507
2021-07-20,1.844614744026123,0.5389657351960846,0.35726736254068103,0.5469408457727023
2021-07-21,2.0563512881720345,0.5513754915087825,0.36846911236827573,0.5747061317395108
2021-07-22,2.0755567544166507,0.5546208747275945,0.36946572708448855,0.5501554188554989
2021-07-23,2.193977814142678,0.5705330964575588,0.37880127506696426,0.5573064839774791
2021-07-26,2.368673799918711,0.5743837946087378,0.3820519048937192,0.5624218031450186
2021-07-27,2.5503896771567143,0.567192030094694,0.37867412085189045,0.5446383760442881
2021-07-28,2.603060157200046,0.5665492457171379,0.3736475057695925,0.5678111543297759
2021-07-29,2.6041874599649035,0.5730329297900982,0.3796745957546268,0.5783944304581137
2021-07-30,2.7994343343613965,0.5653750014462282,0.37380032968456867,0.5686546065474136
2021-08-02,2.739722440806447,0.5620873252902567,0.36996843310869876,0.5610616218250373
2021-08-03,2.6947205427862206,0.5747442148142761,0.380866355415165,0.5667445622408862
2021-08-04,2.8613832167068995,0.5669790552601353,0.36807756243721457,0.5474183276187574
2021-08-05,2.8897892553934525,0.576871223721457,0.378714784951073,0.5751322312931904
2021-08-06,2.9143743186228135,0.5794747531679783,0.384375471654798,0.5833877154075682
2021-08-09,3.148827575717431,0.5781892570027822,0.38017529943292505,0.5742390126173893
2021-08-10,3.1589025780345255,0.5801512261046908,0.3865624552462079,0.5774408876369186
2021-08-11,3.287521805107013,0.5840728399442592,0.39519730795688535,0.5851564605767279
2021-08-12,3.175517469462445,0.5888131277558015,0.3957823474103248,0.5807336473175073
2021-08-13,3.4821716137123584,0.591701882562212,0.39639271767909046,0.56589996820374
2021-08-16,3.316462443907401,0.5954453857701869,0.40071177632462485,0.5562697149158868
2021-08-17,3.2019620965398383,0.5849524393529655,0.38957540038738436,0.5333437572336439
2021-08-18,3.3060554857957545,0.567509510654661,0.3744512853932642,0.5203370591036725
2021-08-19,3.4664048657098574,0.5699346454055629,0.37183163254448637,0.5016584830659396
2021-08-20,3.723379659444637,0.5823772988870515,0.380686295818796,0.5262303631521814
2021-08-23,3.88886703256766,0.5962358459182664,0.38913761550992354,0.554621912537447
2021-08-24,3.7338924271418845,0.5987677405924705,0.3903381263433423,0.5704581055308922
2021-08-25,3.8354273472676397,0.6021190163963586,0.3918798283640099,0.5763322376560505
2021-08-26,3.505399056454281,0.5926334037117849,0.3842963050026429,0.5584280407467421
2021-08-27,3.7205884771128863,0.6068097846011846,0.3938037916414743,0.6022710259298727
2021-08-30,3.531686217395702,0.6138603698605634,0.391602172055485,0.5943992719389772
2021-08-31,3.5944079502076516,0.6114675389902045,0.39006389455152446,0.5998640917372549
2021-09-01,3.968793828541065,0.6123237568606865,0.3881678449710091,0.6091879718599789
2021-09-02,3.8950334630858876,0.6172766412608124,0.3933193673458386,0.6210770649821868
2021-09-03,4.109133391815673,0.6168839854333881,0.39037856325051923,0.612633203788161
2021-09-07,3.185182591209335,0.6110924294477087,0.37976004753944603,0.6010247614113253
2021-09-08,3.23657378677488,0.6091285315254451,0.37704779862884585,0.5827122478724776
2021-09-09,3.439324496888834,0.6022263301645108,0.3710719639089717,0.5822900155980957
2021-09-10,3.416303941371181,0.5895434196052081,0.3603514838733217,0.5670350405454225
2021-09-13,3.2338435616391044,0.5936062327315579,0.370607821210593,0.5763145267070249
2021-09-14,3.3487425066229637,0.5849830329676384,0.3590796341197522,0.5544974261142648
2021-09-15,3.503679154027079,0.5981668394624258,0.3683561816880736,0.5716149828880657
2021-09-16,3.4653650772174087,0.5956313721374971,0.36587499736684426,0.5705314128893153
2021-09-17,3.27036159337199,0.5749082923195521,0.3593174244235069,0.5733143812069312
2021-09-20,2.6497787745190085,0.5484265801868216,0.334951687196273,0.5343841331411938
2021-09-21,2.4208510663648286,0.5469632113811431,0.3329606178448863,0.5371800532465911
2021-09-22,2.8372829610818258,0.561980424729698,0.3461960832970381,0.55978069801247
2021-09-23,2.9362197458228936,0.5808441505634454,0.36595353128131713,0.5879840261673079
2021-09-24,2.6453916564840774,0.5834459922319473,0.3672565812307236,0.5802539409339993
2021-09-27,2.620622065325675,0.5789093945264778,0.37005796817113046,0.6032337449440015
2021-09-28,2.4549129804663976,0.5467664871682949,0.34750159098728695,0.5668226965223313
2021-09-29,2.5570785256809048,0.5493677214371022,0.35106130167818006,0.5636785832665046
2021-09-30,2.715090056125338,0.5303141375694573,0.3294074348206144,0.5488948605084163
2021-10-01,3.066817968922509,0.5483934432559459,0.34822797549874207,0.5748565387002931
2021-10-04,3.140551680206374,0.528295429234797,0.3354601834526101,0.5577908666444524
2021-10-05,3.338095050423255,0.5441151550281194,0.3476483352638531,0.565422552583345
2021-10-06,3.6522727898285456,0.5505192850144687,0.3516606531998234,0.5559805340983841
2021-10-07,3.522617777936542,0.5638669741784128,0.3648683684796863,0.5804653309273022
2021-10-08,3.532572817466934,0.5610122245373232,0.36452700381269176,0.5684791789769703
2021-10-11,3.751015899363635,0.5496698283088701,0.3546661420763284,0.5597099347367602
2021-10-12,3.628695629977652,0.5458505496862667,0.35003540079025863,0.5692540607350696
2021-10-13,3.7403511142513626,0.5514019440440272,0.3500145384725477,0.5746528738409207
2021-10-14,3.7393193521693977,0.5772804806580099,0.3708524885896072,0.5971146471113467
2021-10-15,4.074535781745388,0.5892472356015779,0.38577826210526767,0.5911129019973056
2021-10-18,4.11370379807432,0.5939452839397072,0.384358085132827,0.5926502750851583
2021-10-19,4.295957735347191,0.606195170106588,0.392137708216151,0.5983074618913164
2021-10-20,4.438131037844072,0.6124915022870869,0.3980940538009423,0.6080115066325271
2021-10-21,4.117398302557624,0.616691787581402,0.3978481845544466,0.6125066359951845
2021-10-22,3.9892454868753333,0.6150157341820104,0.4007482618821214,0.6090549279805204
2021-10-25,4.159414836827082,0.6236536023508514,0.4032638256570955,0.6239924689584782
2021-10-26,3.937189339501465,0.6251142642920553,0.40388129718557697,0.612321927086944
2021-10-27,3.781278066582205,0.6178987057147021,0.39339118812222496,0.5814184101201045
2021-10-28,3.953309591955172,0.6334347559814331,0.4027738259075848,0.613037607717978
2021-10-29,4.080916588706526,0.6367458556631329,0.40626666891389784,0.6124829545697357
2021-11-01,4.087014978862314,0.6395589908394761,0.4099632637668227,0.6546947425492398
2021-11-02,4.232989690377634,0.6461745186077323,0.41540156650802107,0.657317017719341
2021-11-03,4.274160811717891,0.6561942431027772,0.41951581570690477,0.6868189261136348
2021-11-04,4.136944470299361,0.6639807594188676,0.41820601093740106,0.6855204163549047
2021-11-05,4.082825080201158,0.6697441293692288,0.4261813656729563,0.7096569620918394
2021-11-08,4.4348660448500965,0.6711690168461486,0.4302689693282431,0.7136228921246137
2021-11-09,4.849923256040266,0.6656360332210236,0.42585587776743994,0.7027500725847493
2021-11-10,4.518481320654432,0.6521820229053419,0.4164011061770805,0.6760887971047105
2021-11-11,4.740951866782454,0.6527164630561277,0.41015679915616765,0.6897525106115889
2021-11-12,4.5489842112912715,0.6651424275819637,0.4171693889800452,0.6916032686275473
2021-11-15,4.369930289576784,0.6657125118746106,0.4166644858397772,0.6839759268991235
2021-11-16,3.762593575589852,0.672292098616508,0.4188129122933568,0.6868422119331119
2021-11-17,3.7074070500947958,0.6682247918233049,0.4104989090577178,0.6670811452344292
2021-11-18,3.354474168735547,0.6738811701667167,0.4081376041320164,0.6576426108595044
2021-11-19,3.6087865842264266,0.6708851666935951,0.39753927548382517,0.6432521534895148
2021-11-22,3.323529603674645,0.6661746994724322,0.39821701858107983,0.6349490182810926
2021-11-23,3.3825337878132693,0.6683825739668177,0.4058332377666052,0.6324996945015187
2021-11-24,3.4440766235140323,0.672830979930995,0.40546334327413636,0.6350222775598322
2021-11-26,3.044234494084101,0.6350991914306487,0.3694802654716365,0.5739205985397777
2021-11-29,3.1289392377922898,0.6550342919398764,0.3787333846863514,0.5711430687197536
2021-11-30,3.011594761242275,0.6225138488328357,0.3528996630770276,0.5406665818826617
2021-12-01,2.9794995863948834,0.6043914254001175,0.33466423966211156,0.504161014304888
2021-12-02,2.922261530736653,0.6287784818199902,0.35868081783877437,0.544868803554243
2021-12-03,2.6891454101920287,0.6145439508415611,0.35633674730480847,0.511589573910771
2021-12-06,2.7855519371660193,0.6335531550335165,0.3814777803319671,0.542198002981165
2021-12-07,2.7804868460151067,0.6669981912928076,0.4006541681046507,0.5770136487596336
2021-12-08,2.9119141233790238,0.6714065144095622,0.4020384875096519,0.5895029246787575
2021-12-09,2.576714545847537,0.6600836803038923,0.40203618989157297,0.5530539277910353
2021-12-10,2.55124480868827,0.6756377772526225,0.41049221197735486,0.5471669882507391
2021-12-13,2.1563474851864077,0.6607282446264959,0.3978866996040049,0.5251090237897045
2021-12-14,2.1331967019062392,0.6492628754655936,0.3936939459187303,0.5104556512460214
2021-12-15,2.3563972475316866,0.6748334282630057,0.408640813045656,0.5351237631851604
2021-12-16,2.2531037438114465,0.6599983739699458,0.40747236054172276,0.5049334970369725
2021-12-17,2.1741237785146996,0.6364147283521115,0.38644970490153274,0.5198702660928243
2021-12-20,2.133041011498845,0.6189208917493161,0.36935864475182734,0.4958693506992191
2021-12-21,2.2520790810806353,0.6474189892714617,0.3911576295871675,0.5393276683671229
2021-12-22,2.2632714044010185,0.6638092570797756,0.4013576980032625,0.5525124603740388
2021-12-23,2.448856970304413,0.6741295344153893,0.4090448880188702,0.5662030857396516
2021-12-27,2.5070696860897157,0.6976559879734232,0.4227670852873915,0.5800320261084164
2021-12-28,2.2210905816933453,0.6962681042745442,0.4265179967736126,0.5695521478522518
2021-12-29,2.070830151841919,0.6984365971675701,0.4300572619165177,0.5714583246792462
2021-12-30,2.106741565994524,0.6937347177468951,0.42650399756436475,0.571143929482907
2021-12-31,2.067689549329049,0.6894608018883706,0.424159293571575,0.5687107165316221
2022-01-03,2.0095210686498866,0.6992145050449021,0.4337974609907924,0.5876346272747093
2022-01-04,1.9803760918592896,0.6986452766631728,0.44218283888602583,0.5850546998899095
2022-01-05,1.818896183231443,0.665710416264468,0.4267165474640393,0.5318672384159695
2022-01-06,1.79118679121936,0.664144890166448,0.4200137870156382,0.5404798899279311
2022-01-07,1.6877568873695363,0.6575526345988116,0.41982533811998546,0.5218232298724339
2022-01-10,1.6748371706529754,0.655488747976231,0.41343168036150924,0.5157651440808055
2022-01-11,1.7371139875285277,0.6704991282760995,0.4205905622539159,0.5316343346939898
2022-01-12,1.8116807317544708,0.6750092994204895,0.4220906443726782,0.5190589539400206
2022-01-13,1.726751040712224,0.651769561252409,0.41514950830076214,0.5074122873484117
2022-01-14,1.7580218857532137,0.6524450312629593,0.40721909792244637,0.5095189605214396
2022-01-18,1.767057688335686,0.6229186415739374,0.3857653931256275,0.46256392331106544
2022-01-19,1.7263004233033405,0.6059788713887861,0.3723865814498888,0.4390372923967525
2022-01-20,1.661919989630356,0.5881046872004072,0.36005825303030603,0.41175448591733055
2022-01-21,1.3653163724015593,0.5566191115098063,0.34231239329886143,0.38633352364875706
2022-01-24,1.3903149884481087,0.5632156644571653,0.3461900649251739,0.4177679163785746
2022-01-25,1.4095743968450076,0.5440129421540605,0.34357190040219554,0.3970639665304809
2022-01-26,1.401520062180441,0.5401344624036164,0.33848376421176485,0.377710688362336
2022-01-27,1.4166260882010038,0.5325104956688973,0.3381974303691524,0.34585918507459934
2022-01-28,1.4643296041901661,0.570106080085728,0.3601373759548483,0.37154991786543334
2022-01-31,1.4987664086555075,0.5981337136435081,0.3759625822352679,0.4126895770919681
2022-02-01,1.516890235834329,0.608895865960041,0.3866282047714804,0.42812853419988617
2022-02-02,1.3985201402451728,0.6244493911262856,0.3953769124571256,0.41327403041678323
2022-02-03,1.4057738701079363,0.5858108513415232,0.3749345160371429,0.3862137700765391
2022-02-04,1.6674351058690826,0.593250186773502,0.3740953907009854,0.3940796600504608
2022-02-07,1.7611562809195167,0.5881287838582954,0.374149845753466,0.4011907611308452
2022-02-08,1.7773077981451384,0.6011422216551354,0.38862702309132136,0.4238218042942603
2022-02-09,1.7943387072325203,0.6244068707989929,0.40052970360085993,0.45012046512497217
2022-02-10,1.7415842790020797,0.5949580210723326,0.37976214175468304,0.4274351750657661
2022-02-11,1.6679635232452577,0.5631932691616333,0.35990593036141716,0.4127386594340148
2022-02-14,1.691317296911854,0.5580743257279723,0.353160303265188,0.40621018136101283
2022-02-15,1.8117818053680743,0.583000727103459,0.36960612198450593,0.4444252909072921
2022-02-16,1.7759066683567335,0.5847740001750303,0.36746834951069207,0.44640651400786147
2022-02-17,1.5523038173551664,0.5505541761122033,0.3428919014129943,0.4103306918457452
2022-02-18,1.5193613276819562,0.5404816104084638,0.333747577705773,0.3972242979225038
2022-02-22,1.5978894859449975,0.5238603567933227,0.3147263619007876,0.3767988494720911
2022-02-23,1.5304980647847337,0.4965864978556138,0.2964085955801008,0.3514812559882756
2022-02-24,1.5991790206826302,0.518941015741117,0.3000060545823442,0.38710117857632476
2022-02-25,1.6611574111901724,0.5520905592163747,0.332271738834661,0.41797169768528963
2022-02-28,2.0220687141004086,0.5481144051672215,0.3257566275448336,0.42293755055284343
2022-03-01,2.08619011568456,0.5243548057342327,0.3021700420608886,0.3951695845953065
2022-03-02,2.097315107870687,0.5521423444955866,0.32528897123853784,0.42971982511079654
2022-03-03,2.072816791368922,0.5443957480887178,0.3215025421601978,0.41122633098756345
2022-03-04,1.8162404624579853,0.5317968696662716,0.3144505591885689,0.389175628441061
2022-03-07,1.7850692077503543,0.48596178319145755,0.28289290201752726,0.35432687601466917
2022-03-08,2.05126065013701,0.4746527404082794,0.27565073277639884,0.36240928977569875
2022-03-09,2.1654422640954563,0.5136686707925275,0.30094862829484037,0.3988948747869241
2022-03-10,2.0959714018091975,0.5068181405143706,0.2965568303472035,0.39568586069944045
2022-03-11,2.0191364539663916,0.4875360100131858,0.2875410982555957,0.37330595644524034
2022-03-14,2.068913499654753,0.4766246958296938,0.28758201208938483,0.34672421446663315
2022-03-15,2.0108317991569766,0.508744439112963,0.3107860477920399,0.3654926821087934
2022-03-16,2.1783548254787557,0.5418341214756588,0.33090214609721125,0.40765888727291166
2022-03-17,2.1696677745416375,0.5610042340800669,0.34712159015347965,0.43123650571250316
2022-03-18,2.3568926459160897,0.5731666643041213,0.3577906399765971,0.44580004686981245
2022-03-21,2.4156202916815905,0.5727066147170639,0.3498782705042798,0.43173224377601493
2022-03-22,2.528892905684539,0.5910026341618961,0.35978330007777437,0.4471723790490165
2022-03-23,2.556814894089945,0.5703799542829113,0.3421301611274492,0.4219159042885765
2022-03-24,2.676306992468761,0.5938757821911291,0.3557112822407158,0.43792086023508303
2022-03-25,2.6878978874388126,0.6016406865091757,0.3616859578160292,0.4396795919202039
2022-03-28,2.652046006121992,0.6129928910477915,0.36537808461474786,0.4397350710981005
2022-03-29,2.7814183434726663,0.6328245327375046,0.37852859006807216,0.477372009297538
2022-03-30,2.7691561731865164,0.6227109224533207,0.37597248490651136,0.44797166053194615
2022-03-31,2.6151016851430495,0.5975410639328167,0.3543029053768485,0.4333984357214056
2022-04-01,2.7368911583577624,0.6020622718418374,0.3597561652516168,0.44785243310145795
2022-04-04,2.705140710099234,0.6157280112530714,0.3637964087337777,0.45084724402272935
2022-04-05,2.5680331591589,0.5951892351619619,0.352790030579025,0.41623395991798096
2022-04-06,2.2580940188511485,0.5791580844155004,0.34712869976179705,0.3959467562088217
2022-04-07,2.357419886214082,0.5870954304320075,0.3505241558424037,0.39099638923530233
2022-04-08,2.2010232616560934,0.5828459567914237,0.35588500206747264,0.3804084934560461
2022-04-11,1.9073607747186951,0.555557623318707,0.33965866721811566,0.3705177515738842
2022-04-12,1.9876790652862075,0.549783219999016,0.3362290472768623,0.3750916033008289
2022-04-13,2.079670408855124,0.5674328996043378,0.34960332744980094,0.40125042829602364
2022-04-14,2.0000187025565292,0.5477930731954472,0.3451698417189488,0.38725895104462027
2022-04-18,2.087785743339791,0.5484293009693049,0.3436251277032949,0.3769459151048684
2022-04-19,2.1694709457092065,0.5732254874758391,0.3629885113697522,0.40478098060980994
2022-04-20,2.154080345372262,0.572058437583501,0.37269822666730223,0.40990434224587036
2022-04-21,2.0605467433717286,0.5483730452355802,0.35825449543372745,0.3772028631598965
2022-04-22,2.057660330161796,0.5052932455933519,0.3193929449320676,0.34161610720612634
2022-04-25,2.1006049367245585,0.5139951037144952,0.3286501006581628,0.35094401320133506
2022-04-26,1.8618098470991815,0.46950110838787085,0.2966896546835345,0.30615290024372177
2022-04-27,1.929020238358544,0.4736272284135745,0.29909626937949607,0.3017027957464127
2022-04-28,1.931806229311242,0.5103878883940125,0.3228477152204974,0.32491636727884643
2022-04-29,1.7837123968787352,0.45351299888061636,0.2856999666353026,0.2871916088022115
2022-06-01,1.5554143262413658,0.441708410926666,0.27878758867638864,0.2808089805698595
2022-06-02,1.6184403132848133,0.46890540562840277,0.29563084787244853,0.31006165051765033
2022-06-03,1.488995340924356,0.4445984223946742,0.2819754706348738,0.29992961750075997
2022-06-06,1.5798130379653093,0.44899021007422957,0.28260197278433785,0.30464290938659877
2022-06-07,1.5757437134746266,0.46282300954797884,0.29286189970046395,0.3249658402284854
2022-06-08,1.5340633772946797,0.44683188580506417,0.2823280997600348,0.3051113058142665
2022-06-09,1.5231792869664602,0.41200625838356597,0.25722084504779086,0.2771027101269101
2022-06-10,1.3919481421392281,0.37045891612011617,0.22246345048432947,0.24171653956783934
2022-06-13,1.1243234280960315,0.31741156271087756,0.18786428056724436,0.18116018503289588
2022-06-14,1.1567229907994712,0.3134357521212843,0.18193641037517172,0.17649409206251732
2022-06-15,1.2758230457352289,0.33202831811769773,0.19369903103828978,0.19244338296018082
2022-06-16,1.0518629273841174,0.2871974336073302,0.16448492791984948,0.1350846303131239
2022-06-17,1.1064132368291593,0.28442095985371973,0.1629940415761133,0.14593731524507114
2022-06-21,1.1617595765421016,0.3163542186269239,0.18769005696064478,0.16527031609437204
2022-06-22,1.106296312431212,0.31396553491657464,0.18585560867568596,0.16268794899556793
2022-06-23,1.2462235359919371,0.3267830489530599,0.19338752177964613,0.177309115952897
2022-06-24,1.3199882070064084,0.36830990575100797,0.22499345957126438,0.21392382107942942
2022-06-27,1.312485202285798,0.36307335899759163,0.22256367534618393,0.21804175246064617
2022-06-28,1.2161283576974302,0.33493340184910125,0.20330846039878936,0.19521089422285254
2022-06-29,1.1931283284398817,0.3338458024754971,0.20650506250311707,0.18175250549672217
2022-06-30,1.1426801697701028,0.3229649790206919,0.19659286923635055,0.17390483337484341
2022-07-01,1.0913157586160405,0.3368838602342419,0.20904110942337173,0.1874147672385187
2022-07-05,1.086750278524467,0.3394062876974486,0.20399808533613562,0.19670437169227628
2022-07-06,1.1236038354547206,0.3439222956231003,0.20671108948357308,0.18719665626916893
2022-07-07,1.2333801350924976,0.3639011701133166,0.220122257290446,0.21574786977377047
2022-07-08,1.2441138041413686,0.3627787856173672,0.21831703657710544,0.2155829808686256
2022-07-11,1.148484219545146,0.34712137196884396,0.2119124156777632,0.18964815139398694
2022-07-12,1.077177804489593,0.3351477340265343,0.20440521325442917,0.18701459548086885
2022-07-13,1.1693340546270354,0.32811747909112876,0.19627073268349982,0.18554379809158084
2022-07-14,1.2094274654846657,0.3248882431549738,0.19071362555125249,0.1727474943961771
2022-07-15,1.2373639908505978,0.34996158169752745,0.21602518642779733,0.19779419272577958
2022-07-18,1.4100372553592146,0.33876876624363805,0.20761486901559212,0.19370159810241372
2022-07-19,1.5067456565778476,0.3744611558571158,0.23658540246553939,0.2348032579327275
2022-07-20,1.4921168259268702,0.38319302346853457,0.23844077183029277,0.2542962421739876
2022-07-21,1.483037373738123,0.3972071132728616,0.24472139627191858,0.2602791261756827
2022-07-22,1.4348464239977368,0.3841831782317273,0.23936330313408938,0.23965667095058207
2022-07-25,1.2954422791566218,0.3858638581983216,0.24288415078429648,0.24710562179238216
2022-07-26,1.2814025712487416,0.36936992568345217,0.23397455974471915,0.2384863766263574
2022-07-27,1.45727237525454,0.40447367758903296,0.25080042704135197,0.2677008263486058
2022-07-28,1.5520379335666021,0.42197957444798284,0.26363337993997327,0.28452262755769
2022-07-29,1.5491434903907435,0.44256056302311153,0.27583004299078295,0.29286221467535234
2022-08-01,1.5705543511347284,0.43828245766531193,0.2740135608961065,0.29154489038725195
2022-08-02,1.5330589209694758,0.42876217270897743,0.2582928927928201,0.29095490729627294
2022-08-03,1.5780398233496449,0.45096249803266675,0.2743604585704158,0.3089880108819625
2022-08-04,1.6063036912124766,0.449981909267855,0.27102850860408756,0.30729312660249986
2022-08-05,1.6778338545841498,0.44752913931828586,0.27400186321688036,0.3177835356176921
2022-08-08,1.713278389973428,0.44584767869050723,0.27513037897965265,0.3310125590846844
2022-08-09,1.6174220159740553,0.44009478452662676,0.2728708026837039,0.31145163287411637
2022-08-10,1.7037002535032673,0.47002921362071404,0.2934848952710798,0.3495329941809069
2022-08-11,1.653169245086592,0.47002921362071404,0.2945391568030411,0.35364539989429655
2022-08-12,1.7087724056740496,0.4947070555012041,0.31091474796859786,0.3816967227704191
2022-08-15,1.6682378998266882,0.5008537379001508,0.31677998493708737,0.38493369657110543
2022-08-16,1.6944686657654824,0.5037906505256087,0.3260495134715471,0.38437179406073585
2022-08-17,1.6147552350929457,0.4930786557082001,0.3193662903713774,0.36142185460707066
2022-08-18,1.5390567457434257,0.4974118637461764,0.32009288999217844,0.3705843723902795
2022-08-19,1.2861524200301826,0.47715316875732494,0.3086945545611779,0.34054034185728077
2022-08-22,1.2773665656387774,0.44607040835436584,0.2834832038144164,0.3117354286429974
2022-08-23,1.3389739708725545,0.44256775340951005,0.27749041150181775,0.31406141206104654
2022-08-24,1.3001819531458185,0.4471782993432276,0.27980345678790064,0.3250732855593028
2022-08-25,1.3135826451616475,0.46746600222886725,0.29226341943537637,0.34501805497490845
2022-08-26,1.10819091559181,0.41693353688289925,0.2525167838271878,0.299899902431501
2022-08-29,1.219420317445533,0.40753336999685064,0.24534160921092796,0.2882917555488369
2022-08-30,1.1428830114735047,0.3919962349990451,0.23332971883002718,0.2694418987663041
2022-08-31,1.146924142376705,0.3813639671789497,0.22240177323897692,0.26157073686915133
2022-09-01,1.154831063429024,0.3856917119317913,0.22805217499972064,0.24691447254418786
2022-09-02,1.1377825101231376,0.3710028023725218,0.21487035485707473,0.23794166500045
2022-09-06,1.0312145309175569,0.36582001875444514,0.20813551708916012,0.2259610213998442
2022-09-07,1.0790522165499525,0.3901391268118375,0.22492998000339148,0.2528064123653553
2022-09-08,1.0804088125928897,0.39919591488024464,0.23240227124853896,0.26296131614348406
2022-09-09,1.2906620508089146,0.4207656502714001,0.24694581423712325,0.28730184236479417
2022-09-12,1.3468308014858335,0.4359540696798334,0.25581990304913305,0.30309373027503894
2022-09-13,1.1179097233037258,0.37211704549066926,0.2053174948997576,0.25112568477150976
2022-09-14,1.120516426746228,0.37734283709707483,0.2064840467842346,0.2558233491723523
2022-09-15,1.0632959078438073,0.3616160095075862,0.19975110412227437,0.2467534819803292
2022-09-16,1.0655615640971847,0.34560673438151435,0.19433722978377066,0.22814515646800326
2022-09-19,1.0799056090326564,0.35600156477846934,0.20195648859058535,0.23811043269339272
2022-09-20,1.010051901142456,0.3403466085523039,0.18974911700729913,0.22068197071119577
2022-09-21,0.9719708072981066,0.316759569220157,0.1693319393020034,0.20325350456132618
2022-09-22,1.0606102627269083,0.30565229236613267,0.16517547823613632,0.17573040225278636
2022-09-23,1.0470597579436864,0.28359098525574944,0.1461833712143421,0.14619987403666412
2022-09-26,1.0912052634540612,0.27082959336887,0.1333447066344915,0.1299042322043762
2022-09-27,1.0803543939442726,0.26758133421049224,0.1284608621143375,0.13441924129707417
2022-09-28,1.1168622712955885,0.29228050853019716,0.1495174493729612,0.1698409062561903
2022-09-29,1.1280727976779654,0.2650001674381639,0.1316377736458909,0.14202021612459959
2022-09-30,1.1206641933977126,0.245285972033066,0.11210594523107709,0.13503735418041973
2022-10-03,1.1836221983661734,0.277736551514016,0.14134972002030377,0.1647474188671756
2022-10-04,1.259984789032981,0.3167282895924499,0.17285641470212587,0.20947583047308727
2022-10-05,1.2456626558300834,0.31365905574991393,0.17121294278558485,0.20053402495007022
2022-10-06,1.198465238135081,0.3000372332273453,0.1577136876103733,0.1935805721498498
2022-10-07,1.2024945137782064,0.2632587591245792,0.1330762227436315,0.15877948735824154
2022-10-10,1.1579587829718276,0.2535763568935201,0.12943841611590923,0.15179417050735178
2022-10-11,1.1558302379827547,0.2456122400312828,0.1308417998657747,0.15247473099122044
2022-10-12,1.1116811835481677,0.24149684122898107,0.1297452092410465,0.14895661420600126
2022-10-13,1.1134047463051537,0.27383639923584413,0.16131824075990786,0.17630145850912715
2022-10-14,1.1014518829064648,0.2444713874054132,0.14559761725004416,0.14456417394438104
2022-10-17,1.1780254716191734,0.27604653662357737,0.16670173251792741,0.18029544928319474
2022-10-18,1.1758213446450703,0.29095220747580286,0.1796923084828823,0.1939586639084372
2022-10-19,1.1606369357720219,0.2817713335347769,0.17582151474134378,0.173245684135507
2022-10-20,1.1177674593892521,0.27097793349813215,0.1723294785087266,0.15862674400120125
2022-10-21,1.0992216527885907,0.3014952575431853,0.2009240406560584,0.18407522959299372
2022-10-24,1.0522986530908036,0.31732430914188225,0.21693061341635378,0.18825437807395318
2022-10-25,1.116108802636215,0.3381939272102428,0.2298854740320544,0.2202778024668175
2022-10-26,1.138635029977117,0.32807367388258535,0.22997699292531903,0.22581571061251382
2022-10-27,1.096915543613346,0.32096278783042465,0.23745519367168644,0.22716691419427004
2022-10-28,1.1463728163786469,0.35202136960824104,0.26905432024205567,0.25444415195486236
2022-10-31,1.1955970643085143,0.3422199081521584,0.26406856018090497,0.25440335897254385
2022-11-01,1.1572758643756105,0.3363336480749868,0.26098504723292004,0.25747642694158945
2022-11-02,1.1051646389961904,0.30236873934272723,0.24131359396391971,0.21446865758795974
2022-11-03,1.153341901190791,0.28888890585254967,0.23564351797685545,0.2080642673594455
2022-11-04,1.2980793878496262,0.30730781781396566,0.2510678802274129,0.22165834990675815
2022-11-07,1.2872471614235916,0.3197535445224362,0.267323662290041,0.2283865873452866
2022-11-08,1.1019151186511378,0.32685502136623734,0.2801463874257992,0.22778914946215267
2022-11-09,0.7087001697734299,0.29923352882998455,0.2549269916164405,0.19440007412163762
2022-11-10,0.9331681536065217,0.368739026623504,0.3004619488364926,0.26521584525991115
2022-11-11,0.8540116954328523,0.38192267122652246,0.3017144763695263,0.27520758728018
2022-11-14,0.8749263993263441,0.3701167501739231,0.2935440687641475,0.26056839239554885
2022-11-15,0.8720140587600402,0.3817529810595881,0.29571081719329073,0.2793573258611075
2022-11-16,0.8558353042376485,0.371171528514485,0.2942020561443013,0.2547223752360448
2022-11-17,0.8403210616940824,0.36696950247606264,0.2939124404983906,0.24517329022916146
2022-11-18,0.8625582477670048,0.3731620475775832,0.3015796059378999,0.25233612248750203
2022-11-21,0.7964495471419479,0.3681600013361519,0.29982694555268763,0.24514571828048903
2022-11-22,0.8615482926170548,0.3864485500473327,0.31508109985192356,0.25948345713953036
2022-11-23,0.9860861030653223,0.3951580148065523,0.3187767322920865,0.2615668889542795
2022-11-25,0.9830585676039731,0.3948458639783967,0.3246633359383839,0.26539948847403916
2022-11-28,0.9191595282898197,0.37240880292626266,0.30533316733645166,0.23925032127301127
2022-11-29,0.951207002376327,0.37004960443624046,0.3054515621019118,0.2430281015984821
2022-11-30,1.0231860192424729,0.4125411904617764,0.33357645213993026,0.27643672500685823
2022-12-01,0.9995750987548384,0.4115014016496461,0.3260465269025623,0.2731171988545755
2022-12-02,1.0128990380975624,0.40987198842214956,0.3273900965449643,0.28064552954106703
2022-12-05,0.9923605582377328,0.38427854344935497,0.30864564454977783,0.2445400149106729
2022-12-06,1.0070767329632395,0.36417923115220985,0.29505359438402423,0.2257052791030405
2022-12-07,0.9790162019478608,0.36185651548007813,0.2951145762358871,0.22185835747383198
2022-12-08,1.019653153702512,0.37248362745905395,0.3021710353376281,0.22953631649985407
2022-12-09,1.0097386093819583,0.36219241532953883,0.29036007848990675,0.2148223130521174
2022-12-12,1.0249291365359863,0.381691250413692,0.31057510217869,0.22957397362938314
2022-12-13,1.089791194031689,0.3921110479022065,0.31456189994642725,0.23883546972852487
2022-12-14,1.0913676878973742,0.383181969257558,0.30906654705025405,0.23075696286437153
2022-12-15,1.0373835895652412,0.3489263303833956,0.27928047733272066,0.1993689382185062
2022-12-16,0.9509064374303948,0.32672582169375874,0.2683780319939526,0.19178227966435957
2022-12-19,0.9155662572779348,0.3154276647617875,0.26208530228092375,0.17487509915636545
2022-12-20,0.964200859045452,0.31722646613554817,0.2656325720406343,0.18123712674324177
2022-12-21,0.9557098413696723,0.3367764203564303,0.2857658709242319,0.2006200714048667
2022-12-22,0.957895977256437,0.3175684465855526,0.2722508240423893,0.185080966386157
2022-12-23,0.9547585488974861,0.325125734819695,0.2790294273826379,0.18969321220806923
2022-12-27,0.9262120202937663,0.31988975619838467,0.28047808807590857,0.18195945287006965
2022-12-28,0.9103383930884452,0.30338355322915667,0.26630736711764724,0.16323314437405156
2022-12-29,0.9192105049188606,0.3266362126373923,0.2795302671095081,0.192733461998835
2022-12-30,0.9187997959290792,0.32313714278084404,0.27669424923045827,0.18935221675211134
2023-01-03,0.9189604754043399,0.3175551327514299,0.2762751702199042,0.18222686521695208
2023-01-04,0.9791556728865964,0.32768784433757814,0.2814028087466389,0.19686370339088266
2023-01-05,0.9552586920453936,0.3124472777705716,0.26825216390663886,0.18372619019384007
2023-01-06,0.9871166444029245,0.34220454605066863,0.2949490960925263,0.2101726674819433
2023-01-09,1.0619493485381817,0.3414434391167267,0.290592205633571,0.21227014547478085
2023-01-10,1.075041617717201,0.3508179388160859,0.297751661224839,0.23018704136590062
2023-01-11,1.1245703567958145,0.3677957583475202,0.3080647618186616,0.24454672779258102
2023-01-12,1.2097951133000984,0.3727665625260037,0.31639171007792166,0.2659648767128706
2023-01-13,1.2728900551728715,0.3780819143989589,0.3207215023767678,0.27334585172221293
2023-01-17,1.3046701934081812,0.37555509502034656,0.30555122225138964,0.2714955946507671
2023-01-18,1.1993223156895958,0.35366454727879915,0.28170018717382606,0.2511370458611071
2023-01-19,1.2267267223416298,0.3437740724868208,0.271947450292767,0.23892629534859466
2023-01-20,1.3740304652525102,0.3685769764937914,0.2846221976054899,0.25965978571215387
2023-01-23,1.4176233811169876,0.38490023074888,0.2943643272705425,0.2753667655271703
2023-01-24,1.345281151847027,0.3834130312173232,0.29837643289006044,0.27188144880116427
2023-01-25,1.4303149175123155,0.3839314335873971,0.2987566035239835,0.2750544499724539
2023-01-26,1.430680609018074,0.39905837543461886,0.3066447348096304,0.28361905354146155
2023-01-27,1.4385095203380565,0.40226929957369806,0.3077476418535001,0.2892723425894046
2023-01-30,1.3078693703105668,0.38456396384385383,0.29766395314605654,0.2717928623296988
2023-01-31,1.3658712009086749,0.40477347910934225,0.3117865116459415,0.3025892677077462
2023-02-01,1.4231407607747877,0.4196243145058951,0.31205286997596837,0.32191061858010217
2023-02-02,1.3981990834439078,0.44014080087146223,0.31055036019795423,0.34887666574485254
2023-02-03,1.3975552726156577,0.42475147984427175,0.30561777380316557,0.3382595439715934
2023-02-06,1.3885022023496907,0.4160175947296161,0.30427043007087295,0.31938288467077336
2023-02-07,1.437684884983664,0.4344171090906972,0.3144547471180621,0.329379869498559
2023-02-08,1.4085708370487633,0.4186456967913803,0.30643819682262774,0.30900012762600015
2023-02-09,1.303090961299405,0.406293586869678,0.29681562679184315,0.29050116150209226
2023-02-10,1.2832521009750675,0.40957158343734434,0.30331767320781844,0.2928370951243209
2023-02-13,1.2818459619803781,0.4260221629144554,0.31773186703949685,0.3077954842372803
2023-02-14,1.3253986059075373,0.4253657994413016,0.3116899898166112,0.30696655240885806
2023-02-15,1.5264904549384002,0.4299869955536817,0.3131813700896766,0.32107870147231665
2023-02-16,1.4626064562514904,0.4101609702078568,0.296483950990609,0.30837949691730837
2023-02-17,1.5542479145120258,0.40663361549314003,0.30146992991566,0.3111721991145546
2023-02-21,1.5150931303544213,0.3781283541929623,0.2743689772462903,0.2714021378743252
2023-02-22,1.487836338414502,0.37622783919870995,0.27111443222654974,0.27575124544756835
2023-02-23,1.4638597369871142,0.38352914825266105,0.2752934438228105,0.2847487829794091
2023-02-24,1.4013828278771077,0.36867027060640334,0.2622645742310945,0.27284343451620297
2023-02-27,1.392832005953034,0.3733238197673818,0.2650373831292683,0.27672911939533584
2023-02-28,1.3590655875313704,0.3682386425099031,0.25606704150546844,0.2772137724749886
2023-03-01,1.4983761496425725,0.3629801039005398,0.25626474861102233,0.2781829769227011
2023-03-02,1.4335886946680696,0.37353938696063294,0.26934036379555715,0.2810277878241725
2023-03-03,1.2828679613209042,0.3953931846135563,0.28415321018480655,0.29814888034301035
2023-03-06,1.261079706500618,0.3963594953057521,0.28570876909631204,0.2788188211981435
2023-03-07,1.2276881271538147,0.37478932768855455,0.26340376484879524,0.26457675762173194
2023-03-08,1.0573544003408921,0.3770313197419064,0.26116915796916285,0.2650882209343619
2023-03-09,0.9131377931122988,0.3513880014759885,0.2400937905803504,0.2289771498830182
2023-03-10,0.9181148049597949,0.3317461674152724,0.22674972153692852,0.19217292029250377
2023-03-13,1.0371633922332912,0.32984674202161335,0.22326555246132762,0.17291882279439075
2023-03-14,1.1703888430683036,0.35164948720063993,0.23612500465901087,0.19463107075667585
2023-03-15,1.0340640189972388,0.3431692665516326,0.2252818540611572,0.17363949810885404
2023-03-16,1.0905545646380892,0.36653106007973224,0.2394982627489548,0.1905244169025484
2023-03-17,1.2695232857227383,0.34525302256355617,0.22462723255177774,0.15964579365465936
2023-03-20,1.1362890555460394,0.3581266843076343,0.2392450020890764,0.17240879894155747
2023-03-21,1.1933874634175723,0.3758435399731692,0.2513313424358834,0.1942086499854745
2023-03-22,1.0947952950542525,0.35218802717085396,0.23077625040602934,0.15987674406546848
2023-03-23,1.152139738377901,0.35583859294584985,0.2336601927400639,0.15511971958850435
2023-03-24,1.064067819762398,0.3647065587083931,0.23873264794228333,0.16490176335757578
2023-03-27,0.9534144407551344,0.3672559625061449,0.24618582830889668,0.1774237953717437
2023-03-28,1.0107098195339765,0.364183491885014,0.24473137878081674,0.17672530022919264
2023-03-29,1.1145044823799521,0.3838690206467672,0.2570943116793014,0.18939340655982706
2023-03-30,1.0712285831482093,0.39194829474937176,0.2625167673395301,0.18722965817651716
2023-03-31,1.1102437373464076,0.41143031574764444,0.27836658116824897,0.20990527874374987
2023-04-03,1.096522069265455,0.4167984080721572,0.2908683336290516,0.2097912141954894
2023-04-04,1.135980006273189,0.40891595798008407,0.28320945188223967,0.18766726955966817
2023-04-05,1.1674496320112402,0.4052222016943834,0.28629213846133594,0.1758504466790043
2023-04-06,1.1269685879446345,0.41069313290919096,0.2863908773329775,0.17741303614486004
2023-04-10,1.2129805312584914,0.4121402923329498,0.29027394096635284,0.18941793981561528
2023-04-11,1.1746543970170107,0.4125195237661681,0.2940435927897924,0.1988757876031444
2023-04-12,1.152563495917518,0.4067503469009195,0.2925718336111742,0.19019470019383444
2023-04-13,1.202059172132925,0.42531280795212023,0.30720941003194224,0.20551585587120647
2023-04-14,1.2942140101535777,0.4218268452544012,0.3016960747349635,0.1950503984677734
2023-04-17,1.2363297970240086,0.4269195887610735,0.30555899152973387,0.20951522099735875
2023-04-18,1.2829361432599549,0.42784998211698033,0.305153638512466,0.2046145417554721
2023-04-19,1.1142870628541215,0.42760874017429407,0.3020916925594448,0.20722140464349903
2023-04-20,1.0737498674985932,0.41979678000672194,0.2978443187933155,0.20066922004870968
2023-04-21,0.9660075171480549,0.42089945300429354,0.29870217486846395,0.20188293376489486
2023-04-24,0.9559773246809262,0.4223809131851839,0.30125173149426443,0.200110502279095
2023-04-25,1.0034356528166177,0.39962115721315805,0.2879480162690735,0.17096540984623276
2023-04-26,0.9872284832195348,0.39368030089630124,0.2791234165961618,0.16049651332656922
2023-04-27,1.0167899523139687,0.4211531889461153,0.2991044600200632,0.17436940983627047
2023-04-28,1.0034691789562893,0.4332314991698276,0.30950893076889985,0.18622594387469182
2023-05-01,0.9522659821414001,0.4317835707916491,0.3077234238706603,0.18637343975331766
2023-05-02,0.977900874892409,0.41560030791952096,0.2935461112955138,0.16123087998788344
2023-05-03,1.0211405968142078,0.4058501208555152,0.2831245100563009,0.16602785655645125
2023-05-04,0.973045251514735,0.3958571265080273,0.272075320875647,0.15222322206444305
2023-05-05,0.9978792403716541,0.42146175835138,0.2928945283872859,0.1794311329818128
2023-05-08,0.848572505397877,0.421840594444465,0.2907546919925301,0.17579986812389503
2023-05-09,0.8589250385528853,0.4155916544551219,0.2885688858531248,0.17258540114259047
2023-05-10,0.8929097978652847,0.4221904063315798,0.2873980899034829,0.17915471936339733
2023-05-11,0.7927859149095251,0.419707972636266,0.2788534017548079,0.16919435652328452
2023-05-12,0.8302425445128223,0.4178465281036312,0.2785120180760068,0.16660477263064233
2023-05-15,0.8630139497994362,0.42272977594181516,0.2803528082332529,0.18039479390584456
2023-05-16,0.8694906430488543,0.4131902313495046,0.2673694574317127,0.16327103966525613
2023-05-17,0.903779034116398,0.430241615189906,0.28296083602647837,0.1886668339412234
2023-05-18,0.8776171643450827,0.44395350103027087,0.2873732728082905,0.19558639578032033
2023-05-19,0.9233090077498713,0.441850893883041,0.2831713447650226,0.18810088547304082
2023-05-22,0.9231117270090117,0.44243635146068394,0.27778382342389163,0.20252167609372473
2023-05-23,0.9389474442125461,0.4261565983532323,0.26888286445055076,0.1973733776826514
2023-05-24,0.8776767504773499,0.41578676708435114,0.25903355715033194,0.1834212765405412
2023-05-25,0.8924991875593684,0.4279945533655012,0.2576789235368411,0.17508727297971505
2023-05-26,0.9094218194069785,0.4463693116326839,0.2702328817883186,0.18735920474391077
2023-05-30,0.9268975729174564,0.4469201909339575,0.26829079024480285,0.1835157272627399
2023-05-31,0.8682522492231421,0.43887438515645627,0.26311724991127794,0.17164324182676416
2023-06-01,0.8896577196098643,0.4524806246078721,0.26898772679074945,0.18382740823906207
2023-06-02,0.9104317927095695,0.47333475095535094,0.29561982084393335,0.22525916068227625
2023-06-05,0.8107486894349583,0.47050874541250853,0.28792592375972514,0.20895630391097453
2023-06-06,0.8716803723415363,0.47370723662264336,0.2883257859790762,0.241105872508526
2023-06-07,0.8132639452590835,0.4686027288744532,0.2918413080925004,0.2630188893355274
2023-06-08,0.8164472258182465,0.4774589172940964,0.29829452886754004,0.2578787044018167
2023-06-09,0.8035520651230426,0.4801075499163694,0.2999501039186183,0.24775914163670287
2023-06-12,0.7749365823453342,0.4934743433989397,0.30720329328142904,0.25276497557243793
2023-06-13,0.7730336654798535,0.5032884089152674,0.31278576742114916,0.2681325185379215
2023-06-14,0.7069769434350961,0.5050775088707689,0.3038225180156564,0.2531788457292694
2023-06-15,0.7247079586036758,0.5236222439729619,0.32017043798934175,0.26328860096760076
2023-06-16,0.7914785572794507,0.512774418683025,0.31598408691929203,0.25402043290712495
2023-06-20,0.8436330193812012,0.5049054378757261,0.3065405652248636,0.24814266463191648
2023-06-21,0.9055639455576561,0.49717489410638693,0.30260774260409984,0.24567299548874133
2023-06-22,0.8959896711794668,0.5025695307685207,0.3024232396673654,0.235717496689539
2023-06-23,0.9535116132169059,0.49116693969639624,0.29398285186463213,0.21783704414382665
2023-06-26,0.9320196918158985,0.4850619196162742,0.2934947936731296,0.21892628439677253
2023-06-27,0.9550467025627087,0.501254514584369,0.30160393878080005,0.23662718649883097
2023-06-28,0.8712454544689845,0.5020115463579238,0.29875881415911554,0.242482428427242
2023-06-29,0.8956184498448947,0.5079198806899055,0.3090672165554331,0.257683540200218
2023-06-30,1.0252173308974406,0.5256102461020937,0.3199623400638687,0.26244700312262514
2023-07-03,1.0344004753390448,0.5273645072164528,0.32037916695218116,0.26781630623431774
2023-07-05,1.0176335333553164,0.5250913228504366,0.31538921592330316,0.2517602522859623
2023-07-06,0.9836453075697025,0.513101844138268,0.3012584690663518,0.2310854219081293
2023-07-07,1.0030938307919839,0.509276863850239,0.2940505352717113,0.24598397516494952
2023-07-10,1.0150018298378054,0.5130921749449742,0.302062728615321,0.26625863485406787
2023-07-11,1.0191912345651133,0.5226977929367596,0.314166897228807,0.2783008750678819
2023-07-12,1.0288227175576385,0.5349002725754197,0.31746176885906485,0.29160660387288373
2023-07-13,1.0981052111143264,0.5470345061686905,0.31929054383561795,0.3032516220266086
2023-07-14,1.0565107555684263,0.5460706688026775,0.3236518171036624,0.28995703027012176
2023-07-17,1.0451571336519287,0.5514296629292859,0.32657597844054354,0.3033672429739369
2023-07-18,1.0489735372843043,0.5629150779629677,0.3405626696362838,0.31982817688389686
2023-07-19,1.044178114136232,0.5663867680304342,0.3447475549851007,0.3257060418953448
2023-07-20,1.042138906607791,0.5559599654228904,0.3510217987952404,0.31381100026771636
2023-07-21,1.0385305646022984,0.5559599654228904,0.3511181294836143,0.3091945664750282
2023-07-24,1.0185894727110512,0.5628954112776363,0.358139585489202,0.3128094441739959
2023-07-25,1.027642000441853,0.56715638532566,0.3591682940613876,0.3130965491896782
2023-07-26,1.0413490986460987,0.5673972600694221,0.36231157795496927,0.3225793058235491
2023-07-27,1.026903260288495,0.5569708552377612,0.35317586604670304,0.30546567815667736
2023-07-28,1.0393723973788784,0.5721399682473065,0.35993086746937597,0.3231355296857794
2023-07-31,1.040339337972461,0.5751305433486789,0.3637699212564065,0.33750690487436996
2023-08-01,1.065993016515935,0.5706167377239737,0.3664958615236018,0.3314774251498356
2023-08-02,1.0349070729293817,0.5486147990906121,0.35307767589218475,0.31309656781886086
2023-08-03,1.0375513709772965,0.5441703177572275,0.3505200547413212,0.30946641929019036
2023-08-04,1.025957014799601,0.5371705539005716,0.34474492783075594,0.3068333154946117
2023-08-07,1.035236023243721,0.5505295733840385,0.36028249152157477,0.30782100210636454
2023-08-08,1.0777376768034785,0.5437721199037222,0.35418548092903346,0.3001074234434702
2023-08-09,1.0611531455804828,0.53341698580772,0.34683645952465736,0.2889439925717536
2023-08-10,1.0524962177994723,0.5339673129164726,0.34885918342742794,0.2834916814213333
2023-08-11,1.0489810831046316,0.5330725969267311,0.3528890578965449,0.28515285942238155
2023-08-14,1.054421043040794,0.5415118985281642,0.3538945092286878,0.28206496529426683
2023-08-15,1.039068458678063,0.5234496336315044,0.3399712393833514,0.2654419441246436
2023-08-16,1.0090564424462825,0.5122290892260506,0.3330264081003642,0.24916381368328322
2023-08-17,0.8802775727463379,0.5006619520238851,0.3218250785159018,0.23475740392818212
2023-08-18,0.8170983532682854,0.5013840643072083,0.32281515279250494,0.2409886468096578
2023-08-21,0.8126704426320992,0.511120866021175,0.3213969468279432,0.23871067907548427
2023-08-22,0.8034601890149109,0.5070222697015958,0.31467532249288643,0.23525535024311006
2023-08-23,0.8358648731508311,0.523714321908731,0.32171705468896716,0.24799690734551438
2023-08-24,0.8137079020149478,0.5024493581344034,0.30731640277331373,0.23204542342378653
2023-08-25,0.8052748262928191,0.5130041623131398,0.31676998852650007,0.2369404157945183
2023-08-28,0.7970822217836739,0.5225683745761944,0.32491375944301115,0.24716125788651855
2023-08-29,0.902105926348495,0.5444192029096746,0.336087318058244,0.2647398646546013
2023-08-30,0.8848608079686333,0.5507673125596935,0.33752666160491773,0.2698470547228231
2023-08-31,0.7951414902809384,0.5484962726416309,0.3310581414125313,0.26748966675463737
2023-09-01,0.784531297228793,0.5513818496816496,0.33548995724581654,0.2815231630446986
2023-09-05,0.7831753136411856,0.5446623527774936,0.32796509764951653,0.254295566323568
2023-09-06,0.781863920134428,0.5342433925422698,0.3203232219542249,0.25017334573339545
2023-09-07,0.8172953755121415,0.5295256765485516,0.32252704720699144,0.23775877387880118
2023-09-08,0.7952969606877991,0.5318275426558234,0.3254317955411479,0.2349409237180633
2023-09-11,0.7464656963049792,0.5418688332889852,0.32876752543474175,0.23733970565169016
2023-09-12,0.7977169281900005,0.5333874577633826,0.3280876878590595,0.23745971048438785
2023-09-13,0.821621219909944,0.5351743295107123,0.3253841023650026,0.22776398057418978
2023-09-14,0.8451146594490606,0.548354433706626,0.3380339299379107,0.24484549007640521
2023-09-15,0.8453592768282097,0.5241341360838185,0.3269150628755151,0.23170526316331386
2023-09-18,0.8679312554098431,0.5250276868636501,0.3271474178035174,0.22318679505095718
2023-09-19,0.8922862060387942,0.5218617540178532,0.323056284682514,0.2179944209953879
2023-09-20,0.8878782483928664,0.5078060757337732,0.3201072987394773,0.20698870972465322
2023-09-21,0.8498613610223296,0.48267626016375487,0.30583088618907484,0.18798928623269817
2023-09-22,0.8485803379648422,0.47933863738672877,0.30173947052112093,0.18443034959511384
2023-09-25,0.8478837695119474,0.4855464926594275,0.30338799373666125,0.1895795566717755
2023-09-26,0.8413241981296984,0.46356003098413634,0.2884315597639202,0.17439529514427043
2023-09-27,0.8531327016539252,0.46414407004531544,0.28579944317928785,0.18586567759831207
2023-09-28,0.8960360915086514,0.472607853724077,0.29024011023796503,0.1960942079647443
2023-09-29,0.8957304658593979,0.46902962810659865,0.28413827297642213,0.189938919161881
2023-10-02,0.8689215194257491,0.4684452629097322,0.2812934664585993,0.170936669894298
2023-10-03,0.8599463982003432,0.4486558038930559,0.2646695747396095,0.15099250291468835
2023-10-04,0.882646906447593,0.45916665396978806,0.269533506582593,0.15223135145218936
2023-10-05,0.8589767589296751,0.45861676464382106,0.26915099465258807,0.15389617573496128
2023-10-06,0.8954353713328511,0.47583264733484754,0.2801398223370579,0.16322149016985388
2023-10-09,0.8718520881081229,0.4852511021904746,0.28766914332935145,0.1701511963499256
2023-10-10,0.8597208247724808,0.492961546958665,0.29281846709777826,0.1833770275948483
2023-10-11,0.8201313561023313,0.49906464822283514,0.29532854413831844,0.18160998715440146
2023-10-12,0.8131254234479057,0.4898977022479647,0.2886544088423597,0.15529883915911769
2023-10-13,0.8218697991447137,0.4824581739155549,0.2901535987557946,0.14557192299941168
2023-10-16,0.9134086638166012,0.4979743095448539,0.30213895724152606,0.16364762680179434
2023-10-17,0.9084870721230793,0.49790553275520444,0.30264115432378724,0.17622786005461766
2023-10-18,0.9001129438618387,0.4778116588595964,0.28983578018475376,0.1511599771547747
2023-10-19,0.9266709619162254,0.4647696280739393,0.28018661541265155,0.13364145577275632
2023-10-20,0.9907492445452404,0.44665897384146036,0.26914760749511224,0.11895937785116772
2023-10-23,1.1770156610349245,0.44414943373128546,0.2618139492977052,0.10898896981276907
2023-10-24,1.2367876491970886,0.45499660557154686,0.26964209431020514,0.1180190398116383
2023-10-25,1.2770116069599728,0.4339629186914171,0.26559590738924266,0.09917536743882405
2023-10-26,1.2565001765190114,0.4166881288695694,0.2559191844995703,0.10287643014461767
2023-10-27,1.2351864577727718,0.41025200651509386,0.2417918592519579,0.08944325302632739
2023-10-30,1.229288011028733,0.4270126879241103,0.2612276035022245,0.09630993499215967
2023-10-31,1.2366804081520493,0.435946683026339,0.26596463757117594,0.10624100595133101
2023-11-01,1.2317269182502315,0.4511795871352575,0.2744279302231105,0.11116794756287662
2023-11-02,1.2024577309583195,0.4787273744173153,0.29586712972223483,0.14040096503067434
2023-11-03,1.2303795627393557,0.4921572146485593,0.30435006592529623,0.1709170904066699
2023-11-06,1.230351586179641,0.49558596499401664,0.3056720405877398,0.1556823356535595
2023-11-07,1.20441766995439,0.49983641364261344,0.3078431285153884,0.1524927750110121
2023-11-08,1.205291285122803,0.5009344910705018,0.3062977370066453,0.13973473988125296
2023-11-09,1.2972011761920546,0.4891831949304666,0.29783311006093927,0.12175362800724954
2023-11-10,1.2544231824550072,0.5122421588868569,0.3127261310501914,0.13371005541701275
2023-11-13,1.302859976771793,0.5108000246459734,0.314821624813723,0.13382975021533627
2023-11-14,1.2853380121226832,0.5398299528661521,0.333444976740358,0.1939165396657372
2023-11-15,1.3264000032107637,0.5430863965818782,0.33969068519196344,0.19584033434081793
2023-11-16,1.2733671764361483,0.5449726427067214,0.3379382316432358,0.1774691127505985
2023-11-17,1.2847670381397283,0.5468930906449616,0.3380076240493264,0.19330068665015676
2023-11-20,1.2934282907753585,0.5587548598424772,0.345786134952379,0.19946437080970925
2023-11-21,1.2685835823814267,0.5553539799317491,0.3433815532261837,0.18354855427559258
2023-11-22,1.3387264302422381,0.5613473804948759,0.3504359921138236,0.19167086776839315
2023-11-24,1.3415930034391015,0.5623078677642359,0.3549124227192604,0.19958218111546588
2023-11-27,1.336701843510851,0.5594916779930916,0.35274070039494765,0.1953604775011324
2023-11-28,1.3610832987050365,0.5610349703571418,0.3559341713799786,0.18981267886687125
2023-11-29,1.370645825935851,0.5599365191476158,0.35644867612289177,0.19709061195372035
2023-11-30,1.3773303737766671,0.5660666458329808,0.3762298102521955,0.20054319594762715
2023-12-01,1.4171144996622225,0.5753040271988894,0.3874617416898811,0.23561054780702406
2023-12-04,1.467489701847907,0.5670128311754787,0.3858891459640963,0.24840014794666354
2023-12-05,1.4575779753240652,0.5667040017448046,0.38282789065000955,0.23104679717586651
2023-12-06,1.4132853126260527,0.56037777831514,0.38014078626332304,0.22839752680860803
2023-12-07,1.5316530115941478,0.5722388912388843,0.38254834145652916,0.2390956454934825
2023-12-08,1.5919591308567242,0.5789836996769662,0.38753449027655384,0.24740459907252155
2023-12-11,1.5254545869970593,0.5851133468644474,0.39353355852860394,0.2493000496441009
2023-12-12,1.5549379592060588,0.5923364463839311,0.40014053586761733,0.24770063601417425
2023-12-13,1.55688326844075,0.6141449265260359,0.41961432189211756,0.290876751917029
2023-12-14,1.5578944868961782,0.6193170237182846,0.4256531832019914,0.32553745671021916
2023-12-15,1.478113482188161,0.610096510570096,0.42782583386110673,0.31530729358759446
2023-12-18,1.509816491999163,0.619128040526169,0.4278587253883872,0.31351050116059453
2023-12-19,1.51104547189595,0.6289439567392623,0.43746768559393323,0.338794699485635
2023-12-20,1.5236798574484691,0.6062133805204475,0.41913616619953276,0.31330735454518654
2023-12-21,1.566415249318843,0.6213716106121936,0.4314193189351043,0.3357792142118594
2023-12-22,1.6032320726517408,0.624626799177354,0.43071565799692757,0.34692439203131653
2023-12-26,1.6849725450455635,0.6314723873952122,0.43680118717678496,0.36352935755161786
2023-12-27,1.8835756832089516,0.6344195654312244,0.44105002057394915,0.36816988316710875
2023-12-28,1.8698499346930948,0.6350368200486396,0.4430990549906215,0.3629487869377359
2023-12-29,1.7865243442744965,0.6302965671585692,0.4423119497787682,0.3420840837478756
