,Strategy Return,CMC Buy&Hold
2019-10-02,-0.00535959127612462,-0.01240562943983825
2019-10-04,0.07590677033233018,-0.004557203155668321
2019-10-07,0.11162893368041393,0.01007888297262749
2019-10-08,0.1851246493028944,0.004032492818159428
2019-10-09,0.13648033158704354,0.05295683812967811
2019-10-10,0.20131530377442997,0.04853596481322442
2019-10-11,0.2725978794409256,0.018173025736684334
2019-10-14,0.36870174271153244,0.028961197133287042
2019-10-15,0.35002652083754704,0.004296566960826587
2019-10-16,0.4727107630465799,-0.017320149566454113
2019-10-17,0.43313421749955805,-0.0038342699969432514
2019-10-18,0.37302979897148725,-0.01919711566328619
2019-10-21,0.37283156736220624,0.009264601173856857
2019-10-22,0.35948263488036103,0.0011373714165390236
2019-10-23,0.2430281944038455,-0.07739071324581637
2019-10-24,0.3349034570567213,-0.07354271510758259
2019-10-25,0.36263837050732795,0.04339562934739405
2019-10-28,0.3598301302408724,0.12628657686361278
2019-10-29,0.3510470076012513,0.1283395968642731
2019-10-30,0.34304391047603566,0.10064239646815087
2019-10-31,0.3823565912596971,0.09711503445235725
2019-11-01,0.38547615370723465,0.10355252679160443
2019-11-04,0.4159801564045855,0.1257486201093807
2019-11-04,0.42485174354000277,0.1483911503176636
2019-11-05,0.4186881987678306,0.14994656500531334
2019-11-05,0.39571218916398276,0.15150408639227875
2019-11-06,0.39805992030782456,0.1526423628058573
2019-11-06,0.3858224730648121,0.15378176442012692
2019-11-07,0.35691212240243386,0.1392299286160883
2019-11-07,0.3651016972996115,0.12486162485580121
2019-11-08,0.29735699410384653,0.08125546623188096
2019-11-08,0.29869665025037806,0.0393397351484841
2019-11-11,0.2724019054456295,0.03277547016226823
2019-11-11,0.25005601263852895,0.02625266378034885
2019-11-12,0.29319708777916564,0.027665184573191448
2019-11-12,0.29434165580864846,0.029079649541245978
2019-11-13,0.340050959074371,0.03183891834520658
2019-11-13,0.3186925113137682,0.03460558557001425
2019-11-14,0.3080297910578518,0.023527637960067294
2019-11-14,0.3076823475029211,0.012568306492310333
2019-11-15,0.2507184306992598,-0.01532417901777916
2019-11-15,0.2536325603043279,-0.0424483304382649
2019-11-18,0.18795371388204618,-0.06120233926412233
2019-11-18,0.18296986703352003,-0.07958904378858234
2019-11-19,0.1596441759671221,-0.09367855665054203
2019-11-19,0.1465311190256262,-0.10755238936294709
2019-11-20,0.11491435214812395,-0.12476625818432696
2019-11-20,0.10984778601527201,-0.14164809935918954
2019-11-21,0.0398827274422775,-0.19137256410678383
2019-11-21,0.020474640838652247,-0.23821648255094607
2019-11-22,-0.05009862464290782,-0.26750847417034784
2019-11-22,-0.059322671215103595,-0.2956741342882434
2019-11-25,-0.05897241384381979,-0.30882398836749936
2019-11-25,-0.09171871859841807,-0.321728332987677
2019-11-26,-0.06855691045480317,-0.32408643667291537
2019-11-26,-0.05921436344318187,-0.32643634209002503
2019-11-27,-0.0346536408627971,-0.29840747782693866
2019-11-27,-0.03977336954338151,-0.26921225427078077
2019-11-29,-0.002474387423981872,-0.2542571621474472
2019-11-29,-0.01015318305850721,-0.23899602386813412
2019-12-02,-0.016421621805281172,-0.2777965747993075
2019-12-02,-0.018344477930664405,-0.31461884072832524
2019-12-03,0.0024193096010258763,-0.3133891321236003
2019-12-03,0.010406158918952801,-0.31215721717977196
2019-12-04,-0.0068338160893951505,-0.32454350080972116
2019-12-04,-0.06690048042064023,-0.3367067392526111
2019-12-05,-0.04836169720466388,-0.3225300984640659
2019-12-05,-0.0054236640421853055,-0.30805045875190573
2019-12-06,0.02407925952858636,-0.29990153357692173
2019-12-06,0.16697216050805053,-0.29165664044828077
2019-12-09,0.1489950677803873,-0.2978674287467935
2019-12-09,0.020422600687663772,-0.3040237605578292
2019-12-10,-0.004556283892238722,-0.3171782080020774
2019-12-10,-0.014267173392466304,-0.33008402700507
2019-12-11,0.015160419957049198,-0.33471015138626103
2019-12-11,0.09606339685312704,-0.3393043299299844
2019-12-12,0.15959932306197544,-0.3390970574708122
2019-12-12,0.05673820786944894,-0.3388897199864336
2019-12-13,0.056051633060476114,-0.33472438117643455
2019-12-13,-0.05681982381210671,-0.3305327985642643
2019-12-16,-0.05829451483684911,-0.36759062790176955
2019-12-16,-0.16454190458216122,-0.4025971503010669
2019-12-17,-0.19875390882317645,-0.4377267516756599
2019-12-17,-0.42601527954531737,-0.4707905964283021
2019-12-18,-0.41598993504144366,-0.4299495819229038
2019-12-18,-0.2906270346435279,-0.38595671778185525
2019-12-19,-0.30933404470452397,-0.3858531077926489
2019-12-19,-0.13522569595565836,-0.38574948032091294
2019-12-20,-0.11134529049392883,-0.38225334273055633
2019-12-20,-0.10092079725221892,-0.37873730612886947
2019-12-23,-0.08550273208723635,-0.3726489398767122
2019-12-23,-0.17665858892198028,-0.3665009077151321
2019-12-27,-0.17307842516149463,-0.3640196334137501
2019-12-27,-0.07297572965093979,-0.361528640515714
2019-12-30,-0.06619706293797722,-0.35475766056953917
2019-12-30,-0.04301298962368871,-0.34791487447458336
2020-01-02,-0.05589449751848463,-0.36416712920456085
2020-01-03,-0.03702536365736786,-0.3360187410519049
2020-01-06,-0.03969873386194167,-0.3016056855944821
2020-01-07,-0.08138530026923263,-0.2725079978891509
2020-01-08,-0.06833210444078242,-0.2794825383772819
2020-01-09,-0.08449371330587163,-0.29132395974318637
2020-01-10,-0.09902675052050625,-0.26964744667898544
2020-01-13,-0.11050375564073467,-0.25675102988301635
2020-01-14,-0.09828246751052294,-0.1854673065486545
2020-01-15,-0.0638928395735332,-0.17514258707922625
2020-01-16,-0.03710523257401677,-0.1874497610337712
2020-01-17,-0.02057035295647025,-0.1642014906087732
2020-01-21,-0.023455793777403366,-0.1793813910304023
2020-01-22,-0.017158250631389538,-0.18522213930142228
2020-01-23,0.009106851151792439,-0.2147644448661732
2020-01-24,0.0043701522991175246,-0.2068337595052009
2020-01-27,0.015714054092574647,-0.16581516687036424
2020-01-28,0.014192796722350076,-0.15438178716656803
2020-01-29,0.025629076332677414,-0.12894212166356134
2020-01-30,0.05877591029099838,-0.10804848082176499
2020-01-31,0.03451103960178048,-0.12808117410267905
2020-02-03,0.030104350235336197,-0.12109444932902902
2020-02-04,0.025133387808254026,-0.12912763354980428
2020-02-05,0.07827888056958532,-0.07536823900857181
2020-02-06,0.061706593070567806,-0.06735369545532266
2020-02-07,0.0781833145423736,-0.06426022768931072
2020-02-10,0.04558020350684866,-0.046542239181022294
2020-02-11,0.06612045614631534,-0.014857081200522648
2020-02-12,0.11723570175773901,0.022558910516446096
2020-02-13,0.13788051471534413,0.009124635851837315
2020-02-14,0.16168795354651766,0.03326458314134162
2020-02-18,0.2039250351916544,-0.007790265402427443
2020-02-19,0.21669154279680614,-0.058750368344821724
2020-02-20,0.21736746886555647,-0.06705151768210205
2020-02-21,0.20171037455963559,-0.06087264522532021
2020-02-24,0.16766800122292835,-0.06905536750630203
2020-02-25,0.08463922060738627,-0.09919694213246955
2020-02-26,-0.007993756343714908,-0.17252982087944935
2020-02-27,0.03156998776763964,-0.16592521936664018
2020-02-28,0.058904808573820855,-0.17735620062424629
2020-03-18,0.04887429388566811,-0.1804123695862927
2020-03-19,0.13703450320408428,-0.034483057660598004
2020-03-20,0.11970436684802466,-0.048108657944587296
2020-03-25,0.09378697170653227,-0.06555750276231487
2020-03-26,0.0965078611158936,-0.04724091776328987
2020-03-27,0.09922197615989048,-0.046094478744379885
2020-03-30,0.07281333548761548,-0.08090464375935236
2020-03-31,0.07558544995954697,-0.07856608155062439
2020-05-04,0.08047652319537413,-0.07028712413545779
2020-05-05,0.08843809741903841,-0.06894632052469707
2020-05-06,0.08646332517957878,-0.042143373651938654
2020-05-07,0.11376813521998752,-0.002156505674721365
2020-05-11,0.09052038633399695,-0.13855800574080213
2020-05-12,0.12520760975206735,-0.12144362405973319
2020-05-13,0.1406413120304424,-0.08030912116615274
2020-05-14,0.16185393433894157,-0.04658615557227763
2020-05-15,0.15150966178964054,-0.07191074380107121
2020-05-18,0.17115245714401217,-0.03918173019998261
2020-05-19,0.17754206806626582,-0.043400813975091324
2020-05-20,0.18640326079478986,-0.05323288324683184
2020-05-21,0.15923211153249595,-0.0977303183630055
2020-05-22,0.19853352743307195,-0.08054647251219482
2020-05-26,0.20173003314372107,-0.11781765586530735
2020-05-27,0.2103814738613321,-0.09373214214880865
2020-05-28,0.22950451251422543,-0.05974809730383268
2020-05-29,0.2353538418468799,-0.06134893863834867
2020-06-02,0.21224954847733235,-0.07490884526073593
2020-06-03,0.2427459511689145,-0.06649320262350711
2020-06-04,0.22741259047425832,-0.05309149462100193
2020-06-05,0.24041382070677897,-0.05946078927494891
2020-06-08,0.25618326386872203,-0.05650252835707292
2020-06-09,0.25534523541356924,-0.04988881581579763
2020-06-10,0.2632178195673007,-0.04167593965023475
2020-06-11,0.15645527804972326,-0.09623497053042429
2020-06-12,0.2063838654698944,-0.08312719630102128
2020-06-15,0.20036942654984458,-0.08931363107701229
2020-06-16,0.2384241293178666,-0.08479654274221193
2020-06-17,0.2450122317312633,-0.08888439389318126
2020-06-18,0.2315473205382954,-0.09416125653348739
2020-06-19,0.2014330744356123,-0.10314364887111283
2020-06-22,0.23247264729265704,-0.0722651886304696
2020-06-23,0.26232497166664803,-0.0673933239966884
2020-06-24,0.21898639325561264,-0.10077619631774692
2020-06-25,0.21856229148311868,-0.10272050533715726
2020-06-26,0.19464742114895683,-0.1122883230048447
2020-06-29,0.21486268660551966,-0.11458776415052141
2020-06-30,0.20435131424681918,-0.1222328514600226
2020-07-01,0.27510427056944065,-0.11205776799479361
2020-07-02,0.2721342107053306,-0.1202073346239404
2020-07-02,0.2834682414693994,-0.12828210422930686
2020-07-06,0.34119567103454473,-0.10318631802020617
2020-07-06,0.3781970947595352,-0.07736805210923348
2020-07-07,0.4046126098730398,-0.07788810799638746
2020-07-07,0.3929288698337656,-0.07840787074592959
2020-07-08,0.491466859627,-0.050921812838897185
2020-07-08,0.45368587942662253,-0.022615996000242555
2020-07-09,0.42247804253013554,-0.030237868316110306
2020-07-09,0.4459260806639238,-0.03780030346361685
2020-07-13,0.3952090964526731,-0.2518973738757939
2020-07-13,0.4591573444966113,-0.41835614662057674
2020-08-19,0.4049118248805914,-0.12976353758025916
2020-08-19,0.2921454777679007,0.3020192616577151
2020-08-20,0.3144664684856773,0.32602103276167527
2020-08-20,0.33444111020821854,0.35046525892992775
2020-08-21,0.24571888683820542,0.3065110734327221
2020-08-21,0.1996224788319858,0.26398748410224315
2020-08-24,0.252851511918861,0.29023793867585623
2020-08-24,0.26495545696110523,0.3170335619113338
2020-08-25,0.19213659055529742,0.2556034630135804
2020-08-25,0.16725783046211462,0.19703863434106839
2020-08-26,0.1691447141641058,0.21829604989008522
2020-08-26,0.36286889890257723,0.2399309617895622
2020-08-27,0.31993551220955085,0.20976468375003665
2020-08-27,0.23452398663820362,0.1803323210322516
2020-08-28,0.2673190756798036,0.20479397825394918
2020-08-28,0.33736237358224974,0.2297625881900387
2020-09-01,0.3709153611390581,0.2794057302012638
2020-09-02,0.27823337439040663,0.19702316753364313
2020-09-03,0.103350042319855,0.12185635226725222
2020-09-04,0.1249997164496155,0.09848222681461083
2020-09-08,0.10257344804186785,0.009106264128268204
2020-09-10,0.13788159294473035,0.062400761997210896
2020-09-11,0.1545941562527995,0.024642828985881327
2020-09-14,0.16375399202522867,0.04727010277879318
2020-09-15,0.12028801701063796,0.04948229861353015
2020-09-16,0.11745527372132036,0.10260725055890951
2020-09-17,0.1594118516297538,0.11074745674648345
2020-09-18,0.1449764140133003,0.05868256528925886
2020-09-21,0.05485956849351603,-0.0014816356318073653
2020-09-22,0.07971992852648646,0.00027094146989958823
2020-09-23,0.003689068771308479,-0.033803284726461436
2020-09-24,0.0762849805225636,0.014541209100872754
2020-09-25,0.10586067393900467,0.023829259830391303
2020-09-28,0.10503062160062648,0.08351704973424967
2020-09-29,0.11061785300198079,0.07132388828357938
2020-09-30,0.16099624134551815,0.0688962757249112
2020-10-01,0.12516641193232192,0.05692335805862059
2020-10-02,0.08795808799231919,0.001420865321750675
2020-10-02,0.051603288314248985,-0.05116701049751737
2020-10-05,0.02241825851813828,-0.031957613177654776
2020-10-05,0.014188540831212126,-0.012359316073030313
2020-10-06,-0.048242855267727536,-0.033629009600130266
2020-10-06,-0.20154427166858202,-0.05444064194151843
2020-10-07,-0.18419619722678793,-0.048263257722924946
2020-10-07,-0.12945242683211655,-0.042045516359685786
2020-10-08,-0.12400402165580549,-0.01948483969811754
2020-10-08,-0.0972942746236447,0.0036071608834491453
2020-10-09,-0.0656732555437195,0.06457061664754815
2020-10-09,-0.021793673294590366,0.1292372573664351
2020-10-12,0.003893861368780005,0.1490291403058408
2020-10-12,0.025614924162382424,0.16916791104737294
2020-10-13,0.0764755156614263,0.14313294115610176
2020-10-13,0.03754964090011481,0.11767771661264148
2020-10-14,-0.0006503800662889248,0.11068284663592909
2020-10-14,-0.04693780617602916,0.1037317533269122
2020-10-15,0.10464432724553041,0.11431298715545823
2020-10-15,0.058520989053578054,0.12499566094801429
2020-10-16,-0.04571485817608423,0.09999067489946212
2020-10-16,-0.14788440584597506,0.0755414681743265
2020-10-19,-0.15447491400953828,0.11306872974282323
2020-10-19,-0.20893742945312566,0.1519053739827485
2020-10-20,-0.2511959683989342,0.15420441816762898
2020-10-20,-0.3256225243305406,0.15650805092747677
2020-10-21,-0.32003494538526234,0.25123697466537864
2020-10-21,-0.3092501048022068,0.35372509124706975
2020-10-22,-0.31937327635510204,0.3782456733331847
2020-10-22,-0.29640806569076317,0.40321040685723175
2020-10-23,-0.29752835184260895,0.3771623421885728
2020-10-23,-0.290771562722859,0.3515978127543071
2020-10-26,-0.32671742735598497,0.3501574696362184
2020-10-26,-0.3470405246345053,0.3487186614335298
2020-10-27,-0.33723468497633025,0.4053444991424435
2020-10-27,-0.3297942571931888,0.4643477678070673
2020-10-28,-0.36514992568138505,0.40170572897717993
2020-10-28,-0.4127297798061911,0.3417433985574343
2020-10-29,-0.4327560776613609,0.36786277161934855
2020-10-29,-0.4707076828840364,0.3944906037874385
2020-10-30,-0.49125958979158546,0.3932308601397796
2020-10-30,-0.5088003714533695,0.3919722545091524
2020-11-02,-0.5155191130090202,0.3908086625295548
2020-11-02,-0.5550222222951147,0.3896460432319131
2020-11-03,-0.5420829737409866,0.4003854255913293
2020-11-03,-0.574127290268079,0.41120780342576135
2020-11-04,-0.5685647774224996,0.45613008874660643
2020-11-04,-0.5821335412738063,0.502482363126149
2020-11-05,-0.5414267413890956,0.6036725596919452
2020-11-05,-0.5161517321977327,0.711677781932798
2020-11-06,-0.5165857103736212,0.7374787920742858
2020-11-06,-0.4557282557037938,0.7636687142711542
2020-11-09,-0.4609305140682658,0.7517297338771034
2020-11-09,-0.4754260468313256,0.739871573226407
2020-11-10,-0.4768448552405007,0.7508508358403105
2020-11-10,-0.43617059018306714,0.761899381848115
2020-11-11,-0.4212358679847126,0.8072042004264792
2020-11-11,-0.43563901323915655,0.8536739700840963
2020-11-12,-0.41534081043363114,0.8925878304346289
2020-11-12,-0.4173001408346504,0.9323186027944033
2020-11-13,-0.4158175698880071,0.9480884706508395
2020-11-13,-0.3707453858231976,0.9639870381595226
2020-11-16,-0.3414448377181938,0.9996803532823859
2020-11-16,-0.295790027235289,1.03602235534651
2020-11-17,-0.2576905241945854,1.1199178295188323
2020-11-17,-0.25238880517178985,1.207270265039401
2020-11-18,-0.24569918029290005,1.2239481549039462
2020-11-18,-0.2828073365112139,1.2407520610587208
2020-11-19,-0.28228047242465426,1.255839760259839
2020-11-19,-0.3068164134333087,1.2710290497578662
2020-11-20,-0.2762132157636926,1.3635769240702693
2020-11-20,-0.23570224091987257,1.4598962644679068
2020-11-23,-0.23594695767407192,1.53778744271066
2020-11-23,-0.19706168518760037,1.6181449996116024
2020-11-24,-0.16520087785661575,1.7180222048165175
2020-11-24,-0.1875747618860485,1.8217095336475202
2020-11-25,-0.2036927362145351,1.7332616147463833
2020-11-25,-0.20306728684131337,1.6475861407991497
2020-11-27,-0.2050315620151476,1.398417109153426
2020-11-27,-0.22464648935206355,1.1726978173951186
2020-11-30,-0.16520544504778845,1.4512785453790613
2020-11-30,-0.14702736632906022,1.765578562710433
2020-12-01,-0.16379302666354068,1.6939598449825892
2020-12-02,-0.15346512967332104,1.7289564778157591
2020-12-02,-0.11672762047385477,1.764407744117925
2020-12-03,-0.08477850646224694,1.8175743124617685
2020-12-03,-0.08521648402065152,1.8717634086853998
2020-12-04,-0.136574253661215,1.7392586490438116
2020-12-04,-0.2033377208453847,1.6128677326507912
2020-12-07,-0.20982601841218318,1.6727205534592078
2020-12-07,-0.21857063857544357,1.7339444196190437
2020-12-08,-0.25298333551888363,1.6604114482030905
2020-12-08,-0.30852940830069453,1.5888562411653955
2020-12-09,-0.3006015553975867,1.5800941847146444
2020-12-09,-0.27206435330838186,1.5713617836893374
2020-12-10,-0.294812117474223,1.535202791547151
2020-12-10,-0.2869643061831916,1.4995522742220952
2020-12-11,-0.3071148998680492,1.4664824457386576
2020-12-11,-0.31801908311427174,1.4338501410338593
2020-12-14,-0.31185395063796606,1.5805968618321966
2020-12-14,-0.316405996218143,1.7361915390852065
2020-12-15,-0.3097746857611944,1.7655443561485238
2020-12-15,-0.2766580690304786,1.7952120590146974
2020-12-16,-0.24146305720628258,2.029906263094107
2020-12-16,-0.2411105027952889,2.2843060810108735
2020-12-17,-0.26061371838766156,2.4840851615194777
2020-12-17,-0.26264556215196855,2.69601648363541
2020-12-18,-0.24711624727297943,2.7045939033695854
2020-12-18,-0.24359140395585677,2.713191228894122
2020-12-21,-0.27126813011427897,2.693325280403949
2020-12-21,-0.27393158109952453,2.67356561674671
2020-12-23,-0.329086479931187,2.5172776661099854
2020-12-23,-0.3974032473042918,2.3676388204743737
2020-12-29,-0.4078782563737816,2.3637754131898783
2020-12-29,-0.38159570866466275,2.3599164380659086
2020-12-30,-0.37813655123237766,2.554981410622928
2020-12-30,-0.36625125516589163,2.761371171822778
2021-01-05,-0.32499491104010025,3.5063565965736823
2021-01-06,-0.21991310890844395,3.7888237139593537
2021-01-07,-0.20861984125930633,4.139967834642094
2021-01-08,-0.21889611435544365,4.2181295978452225
2021-01-11,-0.33593220780328725,3.426768721767597
2021-01-12,-0.34813695994337357,3.310797212766964
2021-01-13,-0.3008746355290497,3.751942885637799
2021-01-14,-0.26267432784735567,3.9141233757437446
2021-01-15,-0.30691120495699054,3.6464274478320835
2021-01-19,-0.28878223941404846,3.8543081751154578
2021-01-20,-0.2944110162579606,3.7156790756291436
2021-01-21,-0.4291914753509236,2.978853761412479
2021-01-25,-0.45248081685561525,3.316141243923168
2021-01-26,-0.4372028840964519,3.2940052255666767
2021-01-27,-0.4949936055322115,3.0151098923880673
2021-01-28,-0.46297371886895533,3.4312886361780244
2021-01-29,-0.4558503593899059,3.5757598894753366
2021-02-01,-0.45097121735890233,3.4366274657142792
2021-02-02,-0.426891115605774,3.7416899143545503
2021-02-03,-0.3952023264249118,3.9794537754303736
2021-02-04,-0.3666325640805519,3.9425301128864056
2021-02-05,-0.29793504240111646,4.117512931316793
2021-02-08,-0.25917272471766206,4.921071665734944
2021-02-09,-0.2182986028076399,5.05199084719934
2021-02-10,-0.2035121721635963,4.913579709642562
2021-02-11,-0.1408049663405171,5.171519500282253
2021-02-12,-0.0886605012596774,5.303325551423705
2021-02-16,-0.0878285672025948,5.336491229593656
2021-02-18,-0.02689648487515839,5.8168643356089005
2021-02-19,0.022086927733227624,6.285317987536152
2021-02-22,-0.016227948489358268,5.92976513249275
2021-02-23,-0.15709067591569992,5.121250596912575
2021-02-24,-0.08447874696997726,5.20688508751288
2021-02-25,-0.15455856523355316,5.16353140698308
2021-02-26,-0.17961827575252487,4.786463888266042
2021-03-01,-0.10040410973970249,5.2281719565065385
2021-03-02,-0.09335010259422749,5.031757648807834
2021-03-04,-0.12381592628565552,5.137344236941666
2021-03-05,-0.09998480720296965,5.170828703348259
2021-03-08,-0.06544924225981685,5.650993238808881
2021-03-09,-0.02183692294700823,5.964583072517952
2021-03-10,-0.0400963522857416,6.0734560491133465
2021-03-11,-0.016462571810087034,6.231667256463073
2021-03-12,-0.03480558410281065,6.111960263342329
2021-03-15,-0.0320787511276831,6.057132286541959
2021-03-16,-0.0016121540342292073,6.0736185045942905
2021-03-17,0.0507553991553924,6.310884104700471
2021-03-18,0.03409643774202831,6.235099319988365
2021-03-19,0.07215980837178138,6.359537726238281
2021-03-22,0.02889023246561151,5.848933391719812
2021-03-23,0.03828418256551558,5.824092350355792
2021-03-24,-0.014017449847985697,5.757254536839165
2021-03-25,-0.02314479992994467,5.555369259655715
2021-03-26,0.06245023236762215,5.876581761395291
2021-03-29,0.10969376246070484,6.255367284615002
2021-03-30,0.15364809802409551,6.4056160008456695
2021-03-31,0.1774774951079443,6.450438110825324
2021-04-01,0.19751194367876757,6.532574686108131
2021-04-06,0.19551411268790542,6.535866699203854
2021-04-07,0.14130139082953885,6.230763207144096
2021-04-08,0.2092927438873129,6.434548197165716
2021-04-09,0.21922592288756326,6.537483087990022
2021-04-12,0.19998069441408073,6.8480052272007885
2021-04-13,0.23372855887099564,7.242580499325598
2021-04-14,0.24067997325005552,7.296778180050392
2021-04-15,0.29616101953749663,7.521840169471668
2021-04-16,0.33170072712088294,7.498183884891924
2021-04-19,0.2734307807017413,6.73462025505148
2021-04-20,0.29736333803135384,6.829286709136013
2021-04-21,0.2437028191009336,6.6028146064886855
2021-04-22,0.13777122809648823,6.233532070544049
2021-04-23,0.13576954505881078,6.047773399144437
2021-04-26,0.2675750165894202,6.393127236537686
2021-04-27,0.35133321909024606,6.7610504904873
2021-04-28,0.351707082074429,6.769657957981501
2021-04-29,0.3575540180679069,6.623471590430377
2021-04-30,0.43409425490318476,7.068293132182838
2021-07-01,0.37268885488193604,6.692978526568213
2021-07-02,0.3859106226398046,6.588850146499163
2021-07-06,0.4058569394721949,6.917688690560413
2021-07-07,0.3901706314464415,7.086439723674804
2021-07-08,0.349422257767501,6.5554527535731335
2021-07-09,0.3866897427049165,6.753596249205535
2021-07-12,0.34206478222763725,6.436376737841319
2021-07-13,0.3235683294099525,6.27532394079651
2021-07-14,0.32842926624004876,6.350398480204847
2021-07-15,0.28558812865413574,6.136477919754073
2021-07-16,0.27097545151848434,6.0502764398126905
2021-07-19,0.23122886791229358,5.821744661061152
2021-07-20,0.19018147567782973,5.552257988738616
2021-07-21,0.2787716487744616,6.0949161338393045
2021-07-22,0.2868071798438625,6.161547510217418
2021-07-23,0.336354329211644,6.2992861660049115
2021-07-26,0.4094468021317672,7.093705088503345
2021-07-27,0.4854763844783432,7.292580912937119
2021-07-28,0.5075136145792838,7.573064756089517
2021-07-29,0.507985275942578,7.559934965674524
2021-07-30,0.5896762021316915,7.724014838527804
2021-08-02,0.5629919456118582,7.815457377052619
2021-08-03,0.5668398191674215,7.473250851511853
2021-08-04,0.620132478550151,7.906611475294248
2021-08-05,0.6267185445899413,8.162470562476418
2021-08-06,0.6146567769480942,8.481432667276637
2021-08-09,0.6933343361789328,9.119494521118762
2021-08-10,0.6931032256270082,9.285702902553302
2021-08-11,0.7323007989848709,9.51198261494551
2021-08-12,0.6943646287125247,8.95211339924685
2021-08-13,0.8088623093060343,9.7025420470919
2021-08-16,0.7377675988202799,9.579027870440342
2021-08-17,0.7108004727419295,9.103681822487582
2021-08-18,0.7396815232296379,9.15963752430618
2021-08-19,0.7629710046732905,9.588957854281398
2021-08-20,0.870346194170224,10.091998778573734
2021-08-23,0.9289675583019208,10.342572924223829
2021-08-24,0.9989581192894434,9.969677959639498
2021-08-25,1.1087587183970418,10.042403868211986
2021-08-26,0.9752824430550178,9.69276725599771
2021-08-27,1.0211378163309117,10.08640333684168
2021-08-31,0.988173580189919,9.896527498383922
2021-09-01,1.154831028067706,10.470968314539007
2021-09-02,1.119827310620757,10.685391073203876
2021-09-02,1.0265308967296742,10.90382196075314
2021-09-03,1.1215121771387673,10.959442070439332
2021-09-03,1.0701194504784857,11.015322062759163
2021-09-07,0.6792633234662218,9.83881883687969
2021-09-07,0.53393203219568,8.777515173132219
2021-09-08,0.5447286564048905,8.942697759793008
2021-09-08,0.629136849886466,9.110670962111536
2021-09-09,0.7242122872537016,9.048898749163644
2021-09-09,1.358202101836898,8.987503940080124
2021-09-10,1.2483716402825484,8.467075944827076
2021-09-10,1.2008425665877809,7.9737663667349175
2021-09-13,1.1092838964313976,8.075618350444662
2021-09-13,1.3419821868886919,8.178626351166848
2021-09-14,1.4392259091086728,8.496945126699886
2021-09-14,1.6151629037683755,8.826303336564399
2021-09-15,1.6987436611644209,9.176886934995997
2021-09-15,1.6173713937540986,9.539978681739267
2021-09-16,1.5876790670959466,9.426576437779294
2021-09-16,1.4617322811888207,9.31439431667948
2021-09-17,1.3553285211978578,9.087837581353664
2021-09-17,1.1366482991968598,8.866257188093668
2021-09-20,0.8049410026559778,7.998170914417836
2021-09-20,0.4676415984747,7.206463531356551
2021-09-21,0.3713845924595025,6.609891318838827
2021-09-21,0.28934661921715255,6.056687166556599
2021-09-22,0.4385765092241012,6.547598573328028
2021-09-22,0.6020213211540726,7.072661133978073
2021-09-23,0.6345956833816659,7.267552009797882
2021-09-23,0.6707973175306243,7.467147957817236
2021-09-24,0.5047893896712536,7.118655013194807
2021-09-24,0.32816432865391176,6.78450542634251
2021-09-27,0.28945260935260286,6.806313223417429
2021-09-27,0.21979890844735728,6.828182113649486
2021-09-28,0.15876681601776754,6.523892249795798
2021-09-28,0.10233996774382192,6.231430460442657
2021-09-29,0.1385773159959549,6.127239139486725
2021-09-29,0.1467830976638489,6.024549019630896
2021-09-30,0.19748283592471028,6.4458431452822955
2021-09-30,0.22435199443956355,6.892404194093084
2021-10-01,0.34026810011330255,7.639715618373035
2021-10-04,0.36456791925738674,7.784432746011623
2021-10-05,0.4296706800678749,8.24654766242703
2021-10-06,0.5332116806999208,8.597743209433071
2021-10-07,0.49048233363138105,8.500175437282826
2021-10-08,0.49376313499006264,8.496237283408378
2021-10-11,0.5657536436860187,8.738885291679626
2021-10-12,0.5254415480111942,8.616801412331599
2021-10-13,0.5622389372522001,8.751982786800335
2021-10-14,0.5618989078198697,8.984937071718823
2021-10-15,0.6723734583475427,9.448302180860415
2021-10-18,0.6852817427191424,9.389266305974514
2021-10-19,0.7453456895477235,9.716163468865801
2021-10-20,0.7922005877704767,10.159869884806339
2021-10-21,0.6864993104938832,9.766562653378804
2021-10-22,0.6442650300045156,9.430012605708622
2021-10-25,0.7003463577404045,9.866178094235034
2021-10-26,0.6271093091748277,9.596263684357641
2021-10-27,0.5757268998468028,9.130143957986247
2021-10-28,0.6324219295808993,9.729593448297026
2021-10-29,0.6744763289673601,9.945715730444723
2021-11-01,0.6717714595745785,9.688674819061152
2021-11-02,0.7150975148397016,10.137539820084603
2021-11-03,0.7236865860994226,10.203828752603183
2021-11-04,0.677807059827406,9.937482687913196
2021-11-05,0.667141138859882,9.905019675320775
2021-11-08,0.7671608897478441,10.875519783926496
2021-11-09,0.8917518348033953,10.848646794365193
2021-11-10,0.7834424186607183,10.348343932017602
2021-11-11,0.8330398264021099,10.538747955228056
2021-11-12,0.78205014338052,10.303139813456136
2021-11-15,0.7274911795910439,10.287287975436712
2021-11-16,0.5505317052272507,9.582276209278785
2021-11-17,0.5388221132124373,9.468196078528688
2021-11-18,0.42612490093214594,9.023249590676226
2021-11-19,0.5029439609499378,9.280445611563517
2021-11-22,0.4217538817735038,8.965386156136505
2021-11-23,0.43962814078640666,9.280752691146205
2021-11-24,0.44474992576612027,9.127449545991704
2021-11-26,0.35406989347826734,8.705365966646339
2021-11-29,0.3715580392376694,9.359487446136095
2021-11-30,0.3402923324544156,9.369042687645251
2021-12-01,0.3506579423757825,9.322224478434563
2021-12-02,0.3356165284583543,9.221875936384299
2021-12-03,0.2624449243756619,8.680554068266455
2021-12-06,0.29451163046542295,8.092912925668108
2021-12-07,0.30473584516249974,8.201774353111784
2021-12-08,0.3626995833088509,8.331213448235754
2021-12-09,0.24086731192522026,7.828699872312685
2021-12-10,0.2182452656264402,7.732655453332894
2021-12-13,0.0888681542139047,7.29473521744943
2021-12-14,0.11004198541833765,7.560370821937992
2021-12-15,0.1698522670123972,7.796387307158778
2021-12-16,0.14946334621721458,7.662698331995912
2021-12-17,0.12562277336640792,7.357469370920457
2021-12-20,0.1319931301940287,7.476887127616141
2021-12-21,0.1732972088535467,7.7377022735708
2021-12-22,0.16964513816761784,7.711756969772795
2021-12-23,0.238169380828944,8.049624737926218
2021-12-29,0.198636083675503,7.722591754332752
2021-12-30,0.2058599525063094,7.872166588818594
2022-01-04,0.19418209429338362,7.9023260725666145
2022-01-05,0.1294800535012075,7.3830943011933545
2022-01-06,0.11837740780660222,7.248260684141208
2022-01-07,0.07693494035113013,6.847865683613478
2022-01-10,0.07175824657466312,6.414792701570785
2022-01-11,0.09671142607623961,6.661761679049282
2022-01-12,0.12658895429410455,6.9031164337220225
2022-01-13,0.09255918315429867,6.7077581145881995
2022-01-14,0.10508883782552392,6.813299210406201
2022-01-18,0.10870931836857722,6.594861513775092
2022-01-19,0.09237862901465954,6.466564406763224
2022-01-20,0.06658256880429936,6.467949021683043
2022-01-21,-0.052261066321062644,5.363245412131458
2022-01-24,-0.04224457888967914,5.186126289375702
2022-01-25,-0.03452768681116547,5.2496906308157705
2022-01-26,-0.03775491114172713,5.209607960827152
2022-01-27,-0.031702203284165176,5.1944158649472145
2022-01-28,-0.012588278439345624,5.395320149942036
2022-01-31,0.0012099181672906578,5.573245741271192
2022-02-01,0.008471803657559285,5.703934304292326
2022-02-02,-0.038956924897360246,5.399773192821853
2022-02-03,-0.03605048824239787,5.392332159944329
2022-02-04,0.06879237483455936,5.975923932377264
2022-02-07,0.10634473254104737,6.5178090180199435
2022-02-08,0.11281634956924447,6.527288422669319
2022-02-09,0.1196403228044487,6.634241950434983
2022-02-10,0.09850258996611516,6.461339430450737
2022-02-11,0.06900410199565998,6.161473623916076
2022-02-14,0.07836153122179224,6.074795896257054
2022-02-15,0.1266294526392291,6.428130135306307
2022-02-16,0.11225494253418455,6.473989309817996
2022-02-17,0.022661376934065114,5.859304826502176
2022-02-18,0.009461924886169149,5.72935715241491
2022-02-22,0.04092671912864976,5.322738296000584
2022-02-23,0.0139242113987057,5.279678216057012
2022-02-24,0.041443412071482166,5.306653342192079
2022-02-25,0.0662770175950913,5.498983971872801
2022-02-28,0.21088756414347243,5.85227877782557
2022-03-01,0.2384473442777182,6.249142959276863
2022-03-02,0.2424981131560986,6.1726413758467125
2022-03-03,0.23125313692192395,5.942809299397596
2022-03-04,0.13032434089498035,5.436306290125147
2022-03-07,0.12230505677063941,5.188780444295549
2022-03-08,0.21450671461901583,5.309325693133278
2022-03-09,0.25865184777054795,5.726831145555122
2022-03-10,0.2249233207013781,5.402612546659859
2022-03-11,0.19887811312301462,5.297292517133665
2022-03-14,0.2212322564244089,5.269076547499056
2022-03-15,0.20056086429521547,5.38556801743853
2022-03-16,0.26411503639521183,5.67800662400761
2022-03-17,0.2640791136397882,5.666555691447343
2022-03-18,0.330741638046804,5.856771093165113
2022-03-21,0.3534397759093175,5.812707979593055
2022-03-22,0.3957112603678232,6.061621825080795
2022-03-23,0.4072838649924664,6.031471778061446
2022-03-24,0.4505042815982909,6.277873578093697
2022-03-25,0.45275840032051784,6.33365966006107
2022-03-28,0.4405987946929524,6.896930296257662
2022-03-29,0.4862993068559023,6.8205331959034
2022-03-30,0.4861278804051439,6.85827180880696
2022-03-31,0.42735551253727655,6.62123091248806
2022-04-01,0.4842031531748199,6.791483368690064
2022-04-04,0.46562652046656194,6.821077144189927
2022-04-05,0.4062758738619512,6.709332046896953
2022-04-06,0.27020483731864786,6.309978255328135
2022-04-07,0.32141779858686004,6.283354848330946
2022-04-08,0.2627650943998463,6.194245443314867
2022-04-11,0.14721157217612957,5.662465724178292
2022-04-12,0.18372968447744742,5.659371825635345
2022-04-13,0.21797369699477231,5.8775748840227315
2022-04-14,0.18608480944773476,5.691493399612262
2022-04-19,0.21904071439635264,5.81060447836159
2022-04-20,0.20660668911311864,5.797390721163218
2022-04-21,0.1730730719579141,5.670652652349822
2022-04-22,0.16605936234893526,5.507953239683976
2022-04-25,0.17767234479993488,5.618150896243004
2022-04-26,0.09213161877011333,5.24544175902858
2022-04-27,0.12021514545144707,5.376977819128409
2022-04-28,0.11729136022653641,5.4595589501242605
2022-04-29,0.06255058805368008,5.240696855086157
2022-05-03,0.040039441114332996,5.065325177812376
2022-05-04,0.09288221079807024,5.441071617677029
2022-05-05,0.0017428053372454677,4.890378791443139
2022-05-06,-0.012114855526761836,4.822032525328642
2022-05-09,-0.1261676856073043,3.9548828870450468
2022-05-10,-0.10687568499146538,3.8750947870514247
2022-05-11,-0.17010958820174638,3.5268506611226558
2022-05-12,-0.1658716116121418,3.3095488893809053
2022-05-13,-0.1596220594137625,3.5915964074374402
2022-05-16,-0.1988697755973654,3.5999599388259966
2022-05-17,-0.1831262939789995,3.628839891340543
2022-05-18,-0.23160333873787753,3.456030708989352
2022-05-19,-0.18963417992510778,3.563728464722402
2022-05-20,-0.21958160746578814,3.434128694339541
2022-05-23,-0.2522883092244158,3.4720048365915126
2022-05-24,-0.23832166363410145,3.4999054325963854
2022-05-25,-0.2408632062623699,3.4992304284069657
2022-05-26,-0.24782553127943807,3.377846254846216
2022-05-27,-0.2651966710758108,3.263456729468283
2022-05-31,-0.26402436782333716,3.678912610863029
2022-06-01,-0.3292350581278011,3.3809578898945167
2022-06-06,-0.3071311785870199,3.6176805176328575
2022-06-07,-0.3043119847652299,3.6091766552775173
2022-06-08,-0.3203183460843232,3.475756823708201
2022-06-09,-0.32431177957522095,3.440715665639466
2022-06-10,-0.36472906293851304,3.2766259228786208
2022-06-13,-0.4144279943389012,2.163694156846094
2022-06-14,-0.4019174918199465,1.9876330971140583
2022-06-15,-0.3649124739069768,2.0303879218783103
2022-06-16,-0.4257531217731013,1.846537699409481
2022-06-17,-0.40635225073432923,1.8524578471558746
2022-06-21,-0.3916548002030389,1.920374481263217
2022-06-22,-0.40760558096678046,1.7557655422010505
2022-06-23,-0.36271226442404925,1.9213614907678935
2022-06-24,-0.3395903149548526,1.9975030247294092
2022-06-27,-0.3392607973635451,1.9498402568387463
2022-06-28,-0.3669778656011352,1.8498700488734898
2022-06-29,-0.3761494133755514,1.8247465012717714
2022-06-30,-0.39353768645362397,1.6327844965652587
2022-07-01,-0.40807582427835687,1.7196023140748968
2022-07-05,-0.4093680337540635,1.8478526539948783
2022-07-06,-0.3989370353653806,1.8810714417634347
2022-07-07,-0.36786604792163646,2.0165840465342977
2022-07-08,-0.3648279996603704,2.0440883064869753
2022-07-11,-0.391894913302422,1.7424886990265418
2022-07-12,-0.41207741839833123,1.66457837973645
2022-07-13,-0.3859935942912046,1.7262919818609737
2022-07-14,-0.3746455904921622,1.850619720560748
2022-07-15,-0.36673846088649276,1.9348455953109682
2022-07-18,-0.3178651717419271,2.124579498224831
2022-07-19,-0.290492910790487,2.3368603812490694
2022-07-20,-0.2946334421708757,2.316652839392569
2022-07-21,-0.29720328234478843,2.35383659128002
2022-07-22,-0.31084320643793373,2.2473791556818985
2022-07-25,-0.35030003316880687,2.120697875715528
2022-07-26,-0.354273819765358,1.980970440225636
2022-07-27,-0.30449578488871654,2.295607000431528
2022-07-28,-0.27767342448734433,2.4887853490789307
2022-07-29,-0.2784926651419344,2.4809274069378247
2022-08-01,-0.27706872747767064,2.336181305111956
2022-08-02,-0.28484967940547845,2.346304634748368
2022-08-03,-0.27531406884352283,2.3724543444309054
2022-08-04,-0.271185276518643,2.2765974568828105
2022-08-05,-0.24620167973336404,2.3614133942994338
2022-08-08,-0.23315384237169678,2.4933471360859016
2022-08-09,-0.259621386878511,2.391585430955388
2022-08-10,-0.22629700827118826,2.558187212532805
2022-08-11,-0.23641680923885333,2.5921571578759086
2022-08-12,-0.2194330477041434,2.6123762675905016
2022-08-15,-0.2321487759874823,2.6038446990642976
2022-08-16,-0.22811743316338629,2.5707387828556136
2022-08-17,-0.25021713574678595,2.564412971229808
2022-08-18,-0.248440458398139,2.5049760029462704
2022-08-19,-0.3261827503158613,2.157997012416149
2022-08-22,-0.3297371691699946,2.1024748499641537
2022-08-23,-0.3152121870815138,2.168796862619631
2022-08-24,-0.3236572423361077,2.171777854733385
2022-08-25,-0.31838296650179565,2.215271190954995
2022-08-26,-0.37890340532333056,2.026305594718949
2022-08-30,-0.39976431525283307,2.0200891415028206
2022-08-31,-0.3969848994389883,2.039725375687247
2022-09-01,-0.39456893937315585,2.043092720477253
2022-09-02,-0.3988616136812112,2.0122506041109607
2022-09-06,-0.42880455437022813,1.9235850571754858
2022-09-07,-0.4161447837187575,2.0037254525527137
2022-09-08,-0.41481742948328826,2.0130970059139317
2022-09-09,-0.3559010961609036,2.2393663628226994
2022-09-12,-0.33847416773749006,2.346169093140532
2022-09-13,-0.4033993823222404,2.0634898666439025
2022-09-14,-0.40308182069672804,2.061328065111174
2022-09-15,-0.4195874998377035,1.9196723054829676
2022-09-16,-0.4181932969731257,1.899949506527416
2022-09-20,-0.4382103404404669,1.8004991418188308
2022-09-21,-0.4491916007354103,1.6849375360610312
2022-09-22,-0.4238355385424041,1.8493407593417723
2022-09-23,-0.4280204802587557,1.7830946118002484
2022-09-26,-0.4153535986632062,1.8178152505940508
2022-09-27,-0.41859745841234197,1.7953018329151593
2022-09-28,-0.4087132675887768,1.8497056436749415
2022-09-29,-0.4053176099855694,1.8419299094415758
2022-09-30,-0.40900132263782374,1.83909259940474
2022-10-03,-0.3914558301541188,1.8489849500592492
2022-10-04,-0.37017467200350873,1.939485213422155
2022-10-05,-0.37416604499234385,1.9182296562939203
2022-10-06,-0.38731928798078963,1.900825653778492
2022-10-07,-0.3861963866825887,1.8499191802261308
2022-10-10,-0.39860785573264934,1.7856044555868489
2022-10-11,-0.39920105067467004,1.7690999753041625
2022-10-12,-0.4115047585690478,1.7866825652582006
2022-10-13,-0.41102442636326975,1.8056313292336603
2022-10-14,-0.41435551785871194,1.7732455744077478
2022-10-17,-0.39301555758071094,1.8463185810982505
2022-10-18,-0.39362981613729364,1.8065101516968838
2022-10-19,-0.39786149298100937,1.7801028184296177
2022-10-20,-0.40980860083538073,1.7520495477655853
2022-10-21,-0.4149770509868611,1.7816729572277192
2022-10-24,-0.4280538176176152,1.8239266289465168
2022-10-25,-0.41027084466931485,1.9604356022807439
2022-10-26,-0.4039931083799577,2.102904555517158
2022-10-27,-0.4156197305193706,2.021877684090776
2022-10-28,-0.4018366983536781,2.095568379589983
2022-10-31,-0.3881186068655159,2.086066226401116
2022-11-01,-0.39968610918208014,2.110279020588682
2022-11-02,-0.4147037606522592,2.0271381728830367
2022-11-03,-0.4049947762868812,2.0656863935457768
2022-11-04,-0.3672161553127319,2.2092299070866943
2022-11-07,-0.3720388668188275,2.0991605286253994
2022-11-08,-0.41624169808196954,1.716605806800473
2022-11-09,-0.5408689943541948,1.2592299691697293
2022-11-10,-0.47904060498082446,1.5482010050402537
2022-11-11,-0.5066853084313849,1.4382441660225713
2022-11-14,-0.495324094275045,1.408287062136004
2022-11-15,-0.4871789168290137,1.431845819104265
2022-11-16,-0.4949728687060504,1.377479501416878
2022-11-17,-0.4946868742078474,1.3847138769149931
2022-11-18,-0.49007233898732183,1.3886530464440376
2022-11-21,-0.5054638093517438,1.2390738901478628
2022-11-22,-0.4880704268349344,1.299907716498144
2022-11-23,-0.45619444272666543,1.3546204518923362
2022-11-25,-0.45225484733663646,1.3789322158364552
2022-11-28,-0.47157638682593583,1.332948200486641
2022-11-29,-0.463268316343289,1.384158750951948
2022-11-30,-0.4383385636161481,1.4999315521887402
2022-12-01,-0.4448932468678617,1.4637224064283538
2022-12-02,-0.4411943566826044,1.4758414450889532
2022-12-05,-0.44689609245454887,1.456773501217827
2022-12-06,-0.44281070052528937,1.4710540876251774
2022-12-07,-0.4506006506365957,1.417132153882716
2022-12-08,-0.4393193307403044,1.4852869031488187
2022-12-09,-0.442071730742682,1.4648259315452758
2022-12-12,-0.4378546527184113,1.4710533668816135
2022-12-13,-0.41984814415550187,1.5511002733880703
2022-12-14,-0.41941048998004304,1.54454191580857
2022-12-15,-0.43439714267669705,1.473716942349332
2022-12-16,-0.45840426857638517,1.329006790824704
2022-12-19,-0.4682151392317323,1.304245879294755
2022-12-20,-0.45471357287703396,1.38133625977289
2022-12-21,-0.457070784294462,1.3642470650177287
2022-12-22,-0.45646388596152954,1.3726544137519987
2022-12-23,-0.4573348748384197,1.3716357738796896
2022-12-28,-0.46180689754588367,1.3361984053439913
2022-12-29,-0.45930738782100633,1.3506533341263065
2022-12-30,-0.4594230954601429,1.3457291101675088
2023-01-03,-0.45882301552785665,1.3668009225052522
2023-01-04,-0.4438514209020642,1.4127557642202055
2023-01-05,-0.4461178732251476,1.4040509597395876
2023-01-06,-0.44009220729494625,1.4236060031714803
2023-01-09,-0.4204175083696081,1.4912025210070268
2023-01-10,-0.41605120497765435,1.5228433682744917
2023-01-11,-0.4003308337540912,1.5941784338098794
2023-01-12,-0.3808803982279718,1.7030532275711194
2023-01-13,-0.3636956230355849,1.8025624899155308
2023-01-17,-0.3498592612275211,2.006132236536307
2023-01-18,-0.38206485470882223,1.9179160617900557
2023-01-19,-0.37333889586523195,1.9693345779661358
2023-01-20,-0.33360622578092225,2.136240553697598
2023-01-23,-0.31941524023643464,2.2030573095548216
2023-01-24,-0.33879813852694884,2.1910422508159066
2023-01-25,-0.3172988811715379,2.1689895717381087
2023-01-26,-0.3195651427383782,2.185286549671695
2023-01-27,-0.31036885198800945,2.1849458236844232
2023-01-30,-0.350906513621574,2.1449447034447466
2023-01-31,-0.3387075389075439,2.192817309031802
2023-02-01,-0.3226999353765496,2.2792897824447884
2023-02-02,-0.32967146585529117,2.2673678003172264
2023-02-03,-0.32985141954293384,2.257508779387154
2023-02-06,-0.33238187306649203,2.173779135224742
2023-02-07,-0.3186346592580406,2.26224308442503
2023-02-08,-0.3267724228031733,2.2138385360454276
2023-02-09,-0.35625545070563447,2.0370228529257597
2023-02-10,-0.36180067597576404,1.9850823974702765
2023-02-13,-0.36219371052307126,2.0125672016709695
2023-02-14,-0.35002016739924746,2.0792063548035027
2023-02-15,-0.2938123215536337,2.3329173421932157
2023-02-16,-0.31166874869128525,2.2616867177019193
2023-02-17,-0.2860537424948637,2.3816874414994773
2023-02-21,-0.2969980253320619,2.326413956233844
2023-02-22,-0.3046166611295269,2.3003905042094206
2023-02-23,-0.3113184400600367,2.275991765283827
2023-02-24,-0.3287815669500119,2.1754453214563108
2023-02-27,-0.3311716353833072,2.2276040213498205
2023-02-28,-0.3406097983449101,2.178624313996424
2023-03-01,-0.3017473891972122,2.2547582842501823
2023-03-02,-0.3196323098501328,2.2252058779166446
2023-03-03,-0.36564804955861496,2.0571168463086957
2023-03-06,-0.3723445547415025,2.067607849783665
2023-03-07,-0.38116674867371314,2.043227160535661
2023-03-08,-0.4319530187718985,1.9740806559413966
2023-03-09,-0.4706670947905216,1.782955812894695
2023-03-10,-0.46836009798357126,1.7630544276679645
2023-03-13,-0.43237238060897654,2.234012513920947
2023-03-14,-0.3935184700173837,2.26647427107014
2023-03-15,-0.44101210646931,2.2312169227581737
2023-03-16,-0.42443956125715665,2.281748380234302
2023-03-17,-0.3733461625680726,2.495561866628537
2023-03-20,-0.41502868904219326,2.604510856362066
2023-03-21,-0.3964566009184255,2.622317586933836
2023-03-22,-0.4221752584467017,2.520573916423884
2023-03-23,-0.40983255571500987,2.65032458252905
2023-03-24,-0.43729072675296854,2.4932541491631803
2023-03-27,-0.46830062535600014,2.480464928948588
2023-03-28,-0.44732570563231844,2.5236072690108613
2023-03-29,-0.41805821048429614,2.6285524905863906
2023-03-30,-0.4327527571701828,2.617215314032517
2023-03-31,-0.4185617349534462,2.6691641640402723
2023-04-03,-0.42192790404109115,2.6196167219248228
2023-04-04,-0.4146461903656221,2.686878309073292
2023-04-05,-0.40643366835486394,2.6996757598242294
2023-04-06,-0.41637999760342925,2.6568526357621662
2023-04-11,-0.42195159770246016,2.754327381629273
2023-04-12,-0.4267680970194545,2.739451034974878
2023-04-13,-0.4166433747689239,2.824913438998224
2023-04-14,-0.39683951746534785,2.8987774963635444
2023-04-17,-0.40839728238619477,2.7967022426210377
2023-04-18,-0.3970686333137673,2.8731424317082994
2023-04-19,-0.436722277132618,2.690726666166635
2023-04-20,-0.4440248177352879,2.5967331418732535
2023-04-21,-0.47012466870394576,2.4509665133677645
2023-04-24,-0.472338139697946,2.467932023634198
2023-04-25,-0.4605284809164337,2.524040026228253
2023-04-26,-0.4650016704634524,2.545313306892834
2023-04-27,-0.45715917882971324,2.6879675022154124
2023-04-28,-0.45960956129250496,2.6529066130943737
2023-05-02,-0.45768814281399617,2.7449162626067243
2023-05-03,-0.45032126747748336,2.7981238755545714
2023-05-04,-0.4652184767227693,2.7511367880659763
2023-05-05,-0.4590975588604479,2.8729553167415838
2023-05-09,-0.4631873596191507,2.8850840581982142
2023-05-10,-0.4403383205406135,2.883483672281844
2023-05-11,-0.47315587110330937,2.799618409743393
2023-05-12,-0.4579447480103537,2.7382351674342083
2023-05-15,-0.4512289675760094,2.842878048245269
2023-05-16,-0.4502037823125502,2.8158588739767203
2023-05-17,-0.4394745621170979,2.8572854362661575
2023-05-18,-0.4489315109092944,2.803229589279627
2023-05-19,-0.4338426221968321,2.7974257001868748
2023-05-22,-0.431332380112168,2.8073428444163175
2023-05-23,-0.4270190164646046,2.8557957110611407
2023-05-24,-0.44694536167097376,2.741466678891494
2023-05-25,-0.4430971299938128,2.7494147829375857
2023-05-26,-0.4387288627299174,2.8010658382163296
2023-05-30,-0.434951660691101,2.9336619273255025
2023-05-31,-0.45410375115409407,2.855512763293494
2023-06-01,-0.44971880959581967,2.828832937359031
2023-06-02,-0.4427207310618231,2.8945232667456553
2023-06-05,-0.4664844321916438,2.6682874240244208
2023-06-06,-0.4497878645700686,2.842255792762698
2023-06-07,-0.46729567467169697,2.707436650902782
2023-06-08,-0.4648746793491285,2.758606933818753
2023-06-09,-0.46810128667640916,2.739806888771479
2023-06-12,-0.477236309160322,2.6092947465329743
2023-06-13,-0.4744846653088449,2.599312820334455
2023-06-14,-0.49568827457289066,2.475708528187943
2023-06-15,-0.4941316262982379,2.5362596629355463
2023-06-16,-0.4741335535310027,2.6394838688984907
2023-06-20,-0.4619789005158167,2.842327926034936
2023-06-21,-0.4382626040345863,3.0816585023363814
2023-06-22,-0.4442347902251046,3.066740171253654
2023-06-23,-0.4302993441479953,3.176604620808943
2023-06-26,-0.4459273722617424,3.089385627256533
2023-06-27,-0.43925516394182273,3.1410977215456057
2023-06-28,-0.46593446027439955,3.0511712191989906
2023-06-29,-0.4545221137048161,3.1030258077113917
2023-06-30,-0.4159539410925793,3.1601584943557546
2023-07-03,-0.41377255676343205,3.246470401973111
2023-07-05,-0.4178299148429059,3.155049872176347
2023-07-06,-0.42512933225954197,3.102928877101119
2023-07-07,-0.4199589535733229,3.11046005044364
2023-07-10,-0.417598942068531,3.1155049619746924
2023-07-11,-0.41604587746384014,3.136793342882271
2023-07-12,-0.41226219492876837,3.112866703049857
2023-07-13,-0.39816386059988784,3.2848385687891284
2023-07-14,-0.40654421237887695,3.1270280194335998
2023-07-17,-0.40861464965630834,3.1209866992013557
2023-07-18,-0.40571414152492424,3.077954334225036
2023-07-19,-0.4065866663392532,3.0807416196778394
2023-07-20,-0.40779876728116826,3.084429881838253
2023-07-21,-0.40888668998572253,3.0912872956376125
2023-07-24,-0.4132893702603422,2.9905876867054553
2023-07-25,-0.41037493117534596,3.0062274140802483
2023-07-26,-0.4075408983781903,3.0345169564870353
2023-07-27,-0.41262268510023625,3.0087574038627896
2023-07-28,-0.40902931791789354,3.028697093800149
2023-07-31,-0.40792040893284776,3.0090067005585768
2023-08-01,-0.4007437360864601,3.0027848409691504
2023-08-02,-0.40963078107932915,2.991247835010566
2023-08-03,-0.40882741627402275,2.974616990561919
2023-08-04,-0.4124845299078399,2.9611446582695424
2023-08-07,-0.4095080231612803,2.970579238785338
2023-08-08,-0.3971992653481162,3.0483772146725867
2023-08-09,-0.4024935506441055,3.0248954613486845
2023-08-10,-0.40492432620993446,3.013310628575402
2023-08-11,-0.40611050403646765,3.0022443888853383
2023-08-14,-0.40500820725022435,3.00771898599476
2023-08-15,-0.4090032875183214,2.966557389003268
2023-08-16,-0.41784615153563875,2.91768732163086
2023-08-17,-0.45168982100474697,2.5483340331608293
2023-08-18,-0.4734625635184686,2.5421114689487587
2023-08-21,-0.4746646959838293,2.5565608315486177
2023-08-22,-0.4770882109239739,2.4934336510452644
2023-08-23,-0.4676777158253198,2.589290118689701
2023-08-24,-0.47403864435088516,2.5423225873170763
2023-08-25,-0.4768113921089948,2.5287359154092957
2023-08-29,-0.44650323331043973,2.722036296574863
2023-08-30,-0.4497905669892682,2.669850924056713
2023-08-31,-0.4758465931547434,2.515862269883588
2023-09-01,-0.47894460457371935,2.4799461449642948
2023-09-05,-0.47934053070038884,2.484191276616349
2023-09-06,-0.47972343721667365,2.4851721438823757
2023-09-07,-0.469378003084455,2.5400155101171613
2023-09-08,-0.4758011982129736,2.4992578420207376
2023-09-11,-0.490059168253436,2.369808927868992
2023-09-12,-0.4750946053245573,2.48185121107641
2023-09-13,-0.46811492377239705,2.5100749101706583
2023-09-14,-0.4612552046696906,2.560718526829817
2023-09-15,-0.4611837801979436,2.538897543967001
2023-09-18,-0.4545931133692527,2.592647498629665
2023-09-19,-0.4474818464218686,2.624824945721457
2023-09-20,-0.4487689015257985,2.6016405586292177
2023-09-21,-0.45986924160528764,2.526749596674201
2023-09-22,-0.46024328042254226,2.533557281631804
2023-09-25,-0.46044666758152797,2.504548761079292
2023-09-26,-0.4623619604462216,2.496997193974543
2023-09-27,-0.4589140609990314,2.5116726956667788
2023-09-28,-0.44638693816257724,2.613214506515009
2023-09-29,-0.44647617610072454,2.6121672760740857
2023-10-02,-0.4549065918760916,2.670426785327875
2023-10-03,-0.4572152305531344,2.635537788717565
2023-10-04,-0.4502722954233537,2.6717303148095146
2023-10-05,-0.457546145259785,2.629295883622026
2023-10-06,-0.44702685907380624,2.700019453439212
2023-10-09,-0.45396709598940843,2.6162577488957584
2023-10-10,-0.45765005893231914,2.5957440724805974
2023-10-11,-0.468597142090203,2.5306108361275133
2023-10-12,-0.4707744370695951,2.509016159004485
2023-10-13,-0.46845621086231015,2.5262501154637156
2023-10-16,-0.4421185197450277,2.706216600580484
2023-10-17,-0.44385229226970757,2.684390355262577
2023-10-18,-0.44592910234700933,2.66766456354535
2023-10-19,-0.4382548590091544,2.6961603255119044
2023-10-20,-0.4196486468399778,2.815344969182603
2023-10-23,-0.3640250478803446,3.1421452467121664
2023-10-24,-0.34755371600519136,3.321069824288669
2023-10-25,-0.33595194418766405,3.376874184810701
2023-10-26,-0.3422909026671769,3.3480366571226794
2023-10-27,-0.3477823281870399,3.2889023126895225
2023-10-30,-0.3489840919733971,3.3885767784004743
2023-10-31,-0.34634781157376493,3.3839422187108674
2023-11-01,-0.34353804650616615,3.4792242615347737
2023-11-02,-0.34995655562793837,3.4118033874105222
2023-11-03,-0.3441236996457321,3.4077709854756675
2023-11-06,-0.34492234312961423,3.491783165255204
2023-11-07,-0.3486833465340117,3.517926143366303
2023-11-08,-0.35188176682564165,3.573684276727275
2023-11-09,-0.32476250243956484,3.7653144134975536
2023-11-13,-0.321804214991508,3.723555239642927
2023-11-14,-0.3273293990811731,3.584006261940365
2023-11-15,-0.3181094798821129,3.8347619089497496
2023-11-16,-0.32568954341057266,3.6203686949481293
2023-11-17,-0.3245351042115696,3.62848278779599
2023-11-20,-0.3242618953861518,3.7694745502714815
2023-11-21,-0.32990012886681874,3.5770891403236265
2023-11-22,-0.31583685306933496,3.7651328223630207
2023-11-24,-0.3123845492779789,3.8348820196065025
2023-11-27,-0.31263843047020223,3.7404899694618345
2023-11-28,-0.30441783097285713,3.8027537384704635
2023-11-29,-0.306204602000715,3.7996388218431054
2023-11-30,-0.3043882026861766,3.799343803256887
2023-12-01,-0.3003235530911963,3.9064589972799313
2023-12-04,-0.29233079941869533,4.270014444546666
2023-12-05,-0.2950877018916852,4.496751167557193
2023-12-06,-0.2999028652435821,4.462004484142342
2023-12-07,-0.28954093135261083,4.47630300121926
2023-12-08,-0.2759258721078689,4.5958390261223805
2023-12-11,-0.2683928450393652,4.205387830667869
2023-12-12,-0.25380354429923135,4.222030062731771
2023-12-13,-0.2601623898740103,4.38951186368096
2023-12-14,-0.2596556548119654,4.432551743073884
2023-12-15,-0.2765153235764811,4.308576671444732
2023-12-18,-0.26422939349590624,4.327758203970464
2023-12-19,-0.2457197743574323,4.357286431013069
2023-12-20,-0.22578560195756925,4.406270987434887
2023-12-21,-0.2060982018105454,4.462156482495608
2023-12-22,-0.20042428272803825,4.4968827766000965
2023-12-27,-0.15387174522333402,4.676869300701964
2023-12-28,-0.1543321007016787,4.594966960587439
2023-12-29,-0.18588692218073766,4.48493622661819
