date,Strategy Return,BITW Buy&Hold
2020-12-11,-0.02826028747171619,0.05556979733891643
2020-12-11,-0.0157373614242044,0.05556979733891643
2020-12-14,0.009040036639820965,0.4408670342970402
2020-12-14,-0.006614941093387228,0.4408670342970402
2020-12-15,0.009700656267115046,0.3095973720484162
2020-12-15,0.04797942939435279,0.3095973720484162
2020-12-16,0.04865612004135143,0.5339428132258606
2020-12-16,0.0004647821234589067,0.5339428132258606
2020-12-17,-0.025699677837433054,-0.4019463403194212
2020-12-17,-0.0027480138796682763,-0.4019463403194212
2020-12-18,0.02106085497269328,-0.29747901447072955
2020-12-18,0.004681789591494345,-0.29747901447072955
2020-12-21,-0.036589650492029856,0.2013943810118537
2020-12-21,-0.0036549121773187254,0.2013943810118537
2020-12-22,0.011396853089626227,0.0939318129830955
2020-12-22,0.013395041552191123,0.0939318129830955
2020-12-23,-0.07596377613446739,-0.11160606488087765
2020-12-23,-0.10182648781037795,-0.11160606488087765
2020-12-24,0.06164456237962202,-0.1283811666482073
2020-12-24,0.058775220727170785,-0.1283811666482073
2020-12-28,0.037022986516491434,0.013470478917187556
2020-12-28,0.14817013351187658,0.013470478917187556
2020-12-29,-0.017383115694915435,-0.08442221488947155
2020-12-29,0.04438706734220166,-0.08442221488947155
2020-12-30,0.005593682774768042,-0.060624621816435464
2020-12-30,0.01911238888543726,-0.060624621816435464
2020-12-31,0.001729937771476181,-0.05805956514669308
2020-12-31,0.1616158335028916,-0.05805956514669308
2021-01-04,0.01219696777193106,-0.13810742747841953
2021-01-05,0.06509889678217935,-0.15494312361560514
2021-01-06,0.15567557022951412,0.24279385307112555
2021-01-07,0.014476935554365392,0.15076196165699596
2021-01-08,-0.012985254915273359,0.14636521322570317
2021-01-11,-0.14983422256473222,-0.1400207929567383
2021-01-12,-0.018378774401501076,0.011834503060066837
2021-01-13,0.07250345779723648,-0.04051562215930016
2021-01-14,0.0546401398418741,-0.017767968169052573
2021-01-15,-0.05999638800109045,-0.06272154247699024
2021-01-19,0.026156771935430236,0.0049668850281809895
2021-01-20,-0.007914280486014391,-0.04388887444770617
2021-01-21,-0.19101837216642004,-0.1356290368135289
2021-01-22,0.11450938597533078,0.046340367414412054
2021-01-25,-0.04080061964563253,-0.058268908123976004
2021-01-26,0.027903922327292108,-0.04082199452025481
2021-01-27,-0.10268482158615702,-0.04648034054285999
2021-01-28,0.06340491331204046,0.10906379698398316
2021-01-29,0.013264452279777869,0.07354871788345685
2021-02-01,0.008966544617273343,-0.04176941287629532
2021-02-02,0.0438594523902577,0.15509807341253623
2021-02-03,0.055292789980663136,0.06291382692098146
2021-02-04,0.04723854537250126,-0.026256287427036007
2021-02-05,0.10846393070352346,0.011668743557357253
2021-02-08,0.05521186788189031,0.08945740091762033
2021-02-09,0.05517361910634899,0.03897595070876747
2021-02-10,0.018915701951092982,-0.034600738168884426
2021-02-11,0.07872964737379406,0.05466737125879195
2021-02-12,0.060689905129858585,-0.011802675063268708
2021-02-16,0.0009128695269243794,0.05294463791944626
2021-02-17,0.038617770340628466,0.25152765110664266
2021-02-18,0.0667989372793365,0.16391100783826573
2021-02-19,0.050337309286260026,0.1385861503986563
2021-02-22,-0.037486905646626434,-0.0007356094907704502
2021-02-23,-0.1431863481078146,-0.22057139401613846
2021-02-24,0.08614441301216488,0.09814184544918803
2021-02-25,-0.07654635873458836,-0.023604759439770362
2021-02-26,-0.02964097746864561,-0.17989761722156494
2021-03-01,0.09655769219564769,0.058403548124376314
2021-03-02,0.007841306548692568,-0.05402984119614107
2021-03-03,0.06805105135943836,-0.10172468821309177
2021-03-04,-0.03360263292214664,-0.11918851726511814
2021-03-05,0.027198758568687892,0.07025789379353853
2021-03-08,0.03837220218008164,0.11417114533998074
2021-03-09,0.04666661382659046,0.10956220251152615
2021-03-10,-0.01866706050053065,-0.058268908123975116
2021-03-11,0.024620992463078837,0.0004999055439771638
2021-03-12,-0.01865003991407,0.004487635967061365
2021-03-15,0.002825164474861567,0.003079805348821907
2021-03-16,0.031476318067145674,-0.03338515484415083
2021-03-17,0.05245211407693455,0.0
2021-03-18,-0.015854271533369844,-0.042961016431971366
2021-03-19,0.036808337443715776,-0.04209419898629552
2021-03-22,-0.04035739408277258,-0.040449866332027185
2021-03-23,0.009130177159319212,-0.023649577550314937
2021-03-24,-0.05037313800184092,-0.05117417600485119
2021-03-25,-0.009257111173571721,-0.022814716008749514
2021-03-26,0.08762305026520649,0.0
2021-03-29,0.044466581731365126,0.04266646506434402
2021-03-30,0.03960942833987247,0.03144150708937765
2021-03-31,0.020655689654984377,-0.007768207953396278
2021-04-01,0.01701471888342671,-0.007949885631036047
2021-04-05,0.023675451454231757,0.015718093584432324
2021-04-06,-0.0016683182171232521,-0.02849746837780298
2021-04-07,-0.04534678535620028,-0.007870175793071255
2021-04-08,0.05957353036112184,-0.012422519998557924
2021-04-09,0.008214040025014718,0.005609200830914318
2021-04-12,-0.015784792721518615,0.04555904949933076
2021-04-13,0.028123672834080893,0.11408132256506232
2021-04-14,0.005634476343338696,-0.060889523204422424
2021-04-15,0.044718257313450666,0.056801686539169616
2021-04-16,0.02741920721861231,-0.037838520198055114
2021-04-19,-0.04375603709785479,-0.07393795454241925
2021-04-20,0.018793763816847612,0.010062215126501073
2021-04-21,-0.04136121112520859,0.044349317065562666
2021-04-22,-0.08517435948325887,-0.09756624393100743
2021-04-23,-0.001759301859853088,-0.03797924806521635
2021-04-26,0.11604948565845248,0.0
2021-04-27,0.06607751131462691,0.06856267143729688
2021-04-28,0.0002766623205154098,-0.04320940708578114
2021-04-29,0.00432559396263918,-0.015083558738864689
2021-04-30,0.0563809880244848,0.03390151270048669
2021-07-01,-0.042818245600875215,-0.03594742629201653
2021-07-02,0.009632020913439732,-0.014218273280384608
2021-07-06,0.014392210079462231,0.04510877963912607
2021-07-07,-0.011157826650300962,0.07447000929908487
2021-07-08,-0.029311778537964628,-0.050674253193987884
2021-07-09,0.0276173634478738,-0.009950368622447137
2021-07-12,-0.03218092634783076,-0.05129329438755059
2021-07-13,-0.0137820864258007,-0.013245226750020489
2021-07-14,0.0036725998364310897,0.021108943290144566
2021-07-15,-0.03224946835684328,-0.09010181477709622
2021-07-16,-0.011366530858486712,-0.011494423526282382
2021-07-19,-0.03127250298871154,-0.07811773516340459
2021-07-20,-0.033338555734211184,-0.057231968676692
2021-07-21,0.0744341723569324,0.11785659049312702
2021-07-22,0.006283788882168295,0.1112256351102241
2021-07-23,0.038503942271905345,0.04389101073726387
2021-07-26,0.05469542869161259,0.1515026441378846
2021-07-27,0.053942853488036846,-0.07177969890797176
2021-07-28,0.014835126516453911,0.04546237407675724
2021-07-29,0.0003128737005972937,-0.09309042306601167
2021-07-30,0.054172230652618225,0.015969365465822616
2021-08-02,-0.016785969673604573,-0.014750614857307554
2021-08-03,0.0024618639695275224,-0.051229171183176714
2021-08-04,0.0340128318994648,0.021886903215738496
2021-08-05,0.004065140429555525,0.00717392905184111
2021-08-06,-0.007414784617757908,0.009913283349412882
2021-08-09,0.048727110525339734,0.11297637691033069
2021-08-10,-0.00013648252857501042,0.032505569329995154
2021-08-11,0.02315131928435532,0.03354608995647279
2021-08-12,-0.02189929733599194,-0.010362787035546273
2021-08-13,0.06757558476684644,-0.021053409197832718
2021-08-16,-0.03930355014861786,-0.02150620522096336
2021-08-17,-0.015518258078155878,-0.05129327692898222
2021-08-18,0.01688160071724809,0.01814106961208184
2021-08-19,0.013387209746538398,0.03857227478623937
2021-08-20,0.0609058170623924,0.047502333985003364
2021-08-23,0.03134252060630094,0.03045920748470854
2021-08-24,0.03628394924854805,0.0
2021-08-25,0.054928914241899385,0.0
2021-08-26,-0.06329613444039972,-0.04604393850140687
2021-08-27,0.02321459062075859,0.07249111148836063
2021-08-30,-0.01857967059527632,-0.01649684213378544
2021-08-31,-0.016309741906088693,-0.020000666706669445
2021-09-01,0.08382439518277236,0.06359110278153102
2021-09-02,-0.016244298040546567,0.058000635101458364
2021-09-02,-0.04401132744334846,0.058000635101458364
2021-09-03,0.04686890318937147,0.08730945671567714
2021-09-03,-0.024224573025828144,0.08730945671567714
2021-09-07,-0.1888084897332478,-0.03928626305713667
2021-09-07,-0.0865446706538906,-0.03928626305713667
2021-09-08,0.007038528424076418,-0.018933479205267112
2021-09-08,0.05464273167432654,-0.018933479205267112
2021-09-09,0.05835939281212719,0.02623836674507185
2021-09-09,0.36769823488092945,0.02623836674507185
2021-09-10,-0.04657381208709723,-0.07155930342350825
2021-09-10,-0.021139331613698298,-0.07155930342350825
2021-09-13,-0.04160164454576929,-0.05994305069559491
2021-09-13,0.11032099133311823,-0.05994305069559491
2021-09-14,0.04152197346520752,0.04159391202739826
2021-09-14,0.07212820838066314,0.04159391202739826
2021-09-15,0.03196005773697994,0.054067221270275745
2021-09-15,-0.030151906822900143,0.054067221270275745
2021-09-16,-0.011344330701026185,0.014283463475618596
2021-09-16,-0.048671718030501854,0.014283463475618596
2021-09-17,-0.04322312414068761,-0.027350958082564603
2021-09-17,-0.09284489192606693,-0.027350958082564603
2021-09-20,-0.1552465591391745,-0.17983617151754583
2021-09-20,-0.18687558412432348,-0.17983617151754583
2021-09-21,-0.06558617997420893,-0.10064352577968716
2021-09-21,-0.05982127383771996,-0.10064352577968716
2021-09-22,0.11574070756671771,0.06004316157605949
2021-09-22,0.11361565469891177,0.06004316157605949
2021-09-23,0.020333288825474097,0.04060036420362767
2021-09-23,0.022147148996542132,0.04060036420362767
2021-09-24,-0.09935850753263362,-0.06595796779179741
2021-09-24,-0.11737527007412552,-0.06595796779179741
2021-09-27,-0.02914678437459846,0.0058916627817589
2021-09-27,-0.054018038662325685,0.0058916627817589
2021-09-28,-0.05003455242247719,-0.06704200568573215
2021-09-28,-0.04869560250945293,-0.06704200568573215
2021-09-29,0.03287311474907373,-0.07160216405810971
2021-09-29,0.007207048263311089,-0.07160216405810971
2021-09-30,0.04421039895351058,0.08599440771293576
2021-09-30,0.022438032269668895,0.08599440771293576
2021-10-01,0.09467547421017475,0.018171512234530507
2021-10-04,0.018130565923362596,-0.017933428620275915
2021-10-05,0.047709432335121704,0.10113735108214561
2021-10-06,0.07242297269965015,0.07521400826863989
2021-10-07,-0.027869176582997035,-0.0017980257659657717
2021-10-08,0.002201167558080641,0.03998182853497134
2021-10-11,0.04819405902424734,0.01695439045527758
2021-10-12,-0.025746129244140548,-0.08142887363334106
2021-10-13,0.02412245116109535,0.029280249714088935
2021-10-14,-0.00021765520255723203,0.058925769918552806
2021-10-15,0.07073092245251367,0.02957705945153366
2021-10-18,0.007718541757027353,-0.05426965772784387
2021-10-19,0.035640299960569166,-0.03922071315328157
2021-10-20,0.02684562634402532,0.02371654151847702
2021-10-21,-0.05897848600088196,0.05878466594281617
2021-10-22,-0.025042572046471534,-0.014842558987478327
2021-10-25,0.03410723132373317,-0.020775033455138203
2021-10-26,-0.04307184135290054,-0.01926841829934345
2021-10-27,-0.03157895357017093,-0.056014702637716685
2021-10-28,0.03598023854235688,0.033387047429422445
2021-10-29,0.025761966697701588,0.014815085785140791
2021-11-01,-0.0016153524215237265,-0.025820684270848382
2021-11-02,0.025916254890574728,-0.0034264264990637727
2021-11-03,0.005007920066004954,0.00944448347373239
2021-11-04,-0.02661709306205065,0.0053854813824383285
2021-11-05,-0.00635706048860055,-0.007387453474376304
2021-11-08,0.05999477102242423,0.03175489765602446
2021-11-09,0.07050345318208619,-0.008970401326503286
2021-11-10,-0.05725350130501296,-0.0409852315551027
2021-11-11,0.0278099293940967,0.020202707317519497
2021-11-12,-0.027817007730635317,0.0
2021-11-15,-0.03061584096953559,-0.005213533308078944
2021-11-16,-0.1024372665136765,-0.019079174894971018
2021-11-17,-0.007551984893528565,-0.05237234707812766
2021-11-18,-0.07323602339260996,-0.018085291329797304
2021-11-19,0.05386559057175237,0.040294128589384304
2021-11-22,-0.05402069623748153,-0.11396243360337266
2021-11-23,0.012571978344526356,0.022236159107517306
2021-11-24,0.003557713853048103,0.09488919812989538
2021-11-26,-0.06276520986133097,0.009846129920596525
2021-11-29,0.012915245988136726,0.035026602806861096
2021-11-30,-0.022795759194143703,0.004418589568154996
2021-12-01,0.007733842588194824,-0.020448169229833724
2021-12-02,-0.01113636061767842,-0.0034832156492501376
2021-12-03,-0.05478488961734497,-0.05962449814707593
2021-12-06,0.025400479237238458,-0.008972591830646692
2021-12-07,0.007898125019858615,-0.010830068709081875
2021-12-08,0.04442565011244242,0.05280323597119452
2021-12-09,-0.08940508449250612,0.00420700593383927
2021-12-10,-0.018230834257114595,-0.045960405718448616
2021-12-13,-0.1061995601895549,-0.07980468072959734
2021-12-14,0.019445725474191287,0.025615316479171035
2021-12-15,0.05388109853477203,0.011763534143875543
2021-12-16,-0.017428628699632763,-0.05128123239498583
2021-12-17,-0.020740611633475656,0.014140442855433477
2021-12-20,0.0056594064888798425,-0.04253892008007698
2021-12-21,0.03648792343151275,0.018209112245010317
2021-12-22,-0.0031126560758612297,-0.0014640695456566988
2021-12-23,0.058585497793524954,0.015988708733158052
2021-12-27,-0.00659800391787232,0.03634191522839947
2021-12-28,-0.07616782310119762,-0.06461579052583843
2021-12-29,-0.03192882796614934,-0.04992804846443688
2021-12-30,0.006026740667321815,0.0012985130548175405
2021-12-31,-0.006426937627261684,-0.009911329228887045
2022-01-03,-0.01896165819383011,0.0015714397711050765
2022-01-04,-0.009684257436905597,0.02812726196360149
2022-01-05,-0.05418105086432501,-0.020566258168258855
2022-01-06,-0.009829873188277105,-0.0476090687244497
2022-01-07,-0.037055887544036104,-0.022311834571465905
2022-01-10,-0.004806876982540231,-0.007268752520679378
2022-01-11,0.02328247025980623,0.06884324081353732
2022-01-12,0.027242834812763128,0.028912673171316516
2022-01-13,-0.030206022356333406,-0.058956168312060075
2022-01-14,0.011468170204794959,0.012072601826427665
2022-01-18,0.003276189586872924,-0.018571348277883537
2022-01-19,-0.014729459817247381,-0.014502993098269634
2022-01-20,-0.023614577880957555,-0.03820691306451307
2022-01-21,-0.11142469284735501,-0.11907247405055266
2022-01-24,0.010568825522975445,-0.16441829431053234
2022-01-25,0.008057267970947635,0.05366693001782963
2022-01-26,-0.0033426378845629046,0.03400962205173208
2022-01-27,0.006290193556345969,0.007287937684491652
2022-01-28,0.01973971737790592,0.078765187011546
2022-01-31,0.013974106550839416,0.007958023622178345
2022-02-01,0.007253109820926973,0.012915594140320952
2022-02-02,-0.04703029711183149,-0.030185000217566316
2022-02-03,0.003024252221631052,-0.028134031537346615
2022-02-04,0.10876385308375092,0.08518490341567508
2022-02-07,0.0351353158861194,0.07736719846399254
2022-02-08,0.005849548371178237,-0.007075167662419002
2022-02-09,0.006132164788777317,0.03844487603627478
2022-02-10,-0.018879038569625806,-0.005206166638878962
2022-02-11,-0.026853362240470524,-0.11302113387587776
2022-02-14,0.008753408156866094,0.021002216215980418
2022-02-15,0.044760425905353785,0.04907693115366074
2022-02-16,-0.012758862349436129,0.005719225393975069
2022-02-17,-0.08055128565757386,-0.04879010978253184
2022-02-18,-0.012906962505485176,-0.012048384201170492
2022-02-22,0.03116986729938187,-0.08206496560265064
2022-02-23,-0.025940834483091813,0.00721082177372212
2022-02-24,0.027141279755825032,-0.022124067602322217
2022-02-25,0.02384537194797165,0.024407535998097085
2022-02-28,0.1356219295381038,0.03301048908623638
2022-03-01,0.0227599828013268,0.018738849091011645
2022-03-02,0.0032708446564942506,-0.00776522002143798
2022-03-03,-0.009050296427099471,-0.029106771201893533
2022-03-04,-0.08197241736923491,-0.060544366377243364
2022-03-07,-0.007094675248691244,-0.03293758820752002
2022-03-08,0.08215382911459086,0.0017608469509911018
2022-03-09,0.036348200154150793,0.058760047594328846
2022-03-10,-0.026797344419676704,-0.019092849403866463
2022-03-11,-0.02126272488913854,-0.009172833559801141
2022-03-14,0.01864588489580716,0.008496228049380772
2022-03-15,-0.016926667323475617,0.028358877830316764
2022-03-16,0.052937067990555926,-0.003624940599284976
2022-03-17,-2.8417315188480983e-05,-0.004632744743745754
2022-03-18,0.05273603818598664,0.02359995517932001
2022-03-21,0.017056757836050478,0.00032383227920895763
2022-03-22,0.031232630524771716,0.017017610713287556
2022-03-23,0.008291546362958637,-0.03597862135681229
2022-03-24,0.030711939276057847,0.05271147217171501
2022-03-25,0.0015540241768490855,0.03688183407353085
2022-03-28,-0.008370012264174647,0.010804445249971817
2022-03-29,0.03172327530142814,0.022141125877213508
2022-03-30,-0.000115337772121471,-0.022141125877213508
2022-03-31,-0.039547315303609665,-0.03740741858172525
2022-04-01,0.039827247058086115,0.02599927701790694
2022-04-04,-0.012516233150779377,0.009316412293604692
2022-04-05,-0.04049506867937766,-0.017502011080079427
2022-04-06,-0.09675984568349415,-0.059255679330498356
2022-04-07,0.04031866338686022,0.010602567789983919
2022-04-08,-0.04438619205049125,-0.03844122417584517
2022-04-11,-0.09150832782453153,-0.03825144166768002
2022-04-12,0.03183206409960377,-0.016701833822083234
2022-04-13,0.028928912543442483,0.03820807545191629
2022-04-14,-0.02618191807074337,-0.03610504395463421
2022-04-18,0.014461680732092974,0.004192907600250262
2022-04-19,0.027785454030022416,0.02070468617198129
2022-04-20,-0.010199844136781917,0.009348232057904582
2022-04-21,-0.02779167184946774,-0.010373370924157577
2022-04-22,-0.0059789196228608975,-0.027380013185075658
2022-04-25,0.009959169169231865,-0.0056377828025895305
2022-04-26,-0.07263542054590172,-0.047024911685871196
2022-04-27,0.025714415917158003,0.007012412281742542
2022-04-28,-0.002610021152438944,0.030069278959822476
2022-04-29,-0.04899417835089788,-0.06107082445712786
2022-05-02,0.0026066109179918584,0.012815861191948663
2022-05-03,-0.021185953113612932,-0.02656705595923281
2022-05-04,0.05080842859874579,0.013751194767284147
2022-05-05,-0.08339362152694463,-0.13418199644543494
2022-05-06,-0.013833551676312617,-0.029498070958811073
2022-05-09,-0.1154515084254637,-0.11895656658459064
2022-05-10,0.022077463030474753,-0.011642826950573948
2022-05-11,-0.07080078567749748,-0.11651092780981953
2022-05-12,0.005106670145063497,-0.09536734188469698
2022-05-13,0.007492314475062933,0.11069551376658548
2022-05-16,-0.046702458843962624,0.08630692326856382
2022-05-17,0.019651588641665718,0.017926235281844782
2022-05-18,-0.05934460174389766,-0.036179695305393
2022-05-19,0.05461913218601655,-0.012179104179974587
2022-05-20,-0.03695544259000538,-0.051377447390381636
2022-05-23,-0.04190918880374017,-0.004496911674659376
2022-05-24,0.018679185791286912,-0.013156612214329844
2022-05-25,-0.0033367663315653218,0.001255135433482657
2022-05-26,-0.009171370791802858,-0.0460857808695021
2022-05-27,-0.023094561858661322,-0.0558598622517219
2022-05-31,0.0015953973074536165,0.010050326220427674
2022-06-01,-0.08860441494727474,-0.051293306935896954
2022-06-02,0.026308986413448986,-0.007263132412271833
2022-06-03,-0.053247555951138975,-0.023467411658361748
2022-06-06,0.03295324212843649,0.0656403572145936
2022-06-07,0.004068870953149175,-0.006373471379096607
2022-06-08,-0.023007958982435094,-0.015464272419925873
2022-06-09,-0.005875446935916856,-0.02698418780328371
2022-06-10,-0.05981646881143394,-0.019535816036008402
2022-06-13,-0.07823265397638966,-0.15415063657672246
2022-06-14,0.021364584368801124,-0.08961214922863281
2022-06-15,0.061872764053198796,0.039153859472471186
2022-06-16,-0.09579883931968934,0.0008343954733831538
2022-06-17,0.033784895964390826,-0.02448412444844328
2022-06-21,0.024757864490298778,0.08201315294446676
2022-06-22,-0.02621995006957438,-0.06422360789058912
2022-06-23,0.07578281479423224,0.0362777234067595
2022-06-24,0.03628180518537692,-0.02791643881272554
2022-06-27,0.0004989593562440531,-0.04339261978029274
2022-06-28,-0.04194857536376624,-0.06465449465911499
2022-06-29,-0.014488510394862875,-0.06515707909359625
2022-06-30,-0.02787249615674414,-0.13211795949273197
2022-07-01,-0.023972038327854328,0.004509586021034018
2022-07-05,-0.0021830658869967934,0.05896904086279564
2022-07-06,0.01766074134961304,-0.03892389852726952
2022-07-07,0.05169339864856237,0.0976128625137247
2022-07-08,0.0048060197546382355,-0.021223640348151385
2022-07-11,-0.04261351827155302,-0.015440308409047532
2022-07-12,-0.0331891732817331,-0.046717680913902715
2022-07-13,0.044366086494019186,-0.026433232078630464
2022-07-14,0.01848189806088829,0.0679506735621791
2022-07-15,0.01264423738835152,0.05970413629385796
2022-07-18,0.07717710002250033,0.11581646340591156
2022-07-19,0.040127346995811664,0.04306613427427308
2022-07-20,-0.005835785777703606,0.12707892262154807
2022-07-21,-0.003643269085256584,-0.042206748339424394
2022-07-22,-0.019408064594628627,-0.04406688298848849
2022-07-25,-0.057253773160867105,-0.07950657905763547
2022-07-26,-0.0061163410796103435,-0.09783948304747625
2022-07-27,0.07708845699666877,0.11852993896383524
2022-07-28,0.03856534557030766,0.04586048909747786
2022-07-29,-0.0011341693388597918,0.023359898418652936
2022-08-01,0.0019735595127993825,-0.03483546205853072
2022-08-02,-0.010763058984375996,0.03403894838529542
2022-08-03,0.013333715006977089,0.014240695834084605
2022-08-04,0.005697354050037973,-0.05075589248075563
2022-08-05,0.03427976408865448,0.03172282168316043
2022-08-08,0.017309454015567383,0.04155836612664343
2022-08-09,-0.03451480358025503,-0.05566867444004764
2022-08-10,0.04500991522003144,0.04718419554031961
2022-08-11,-0.013079697346203468,0.05573730064527371
2022-08-12,0.02224218885407936,0.0014641626325127
2022-08-15,-0.016290374894733263,0.03238856764323428
2022-08-16,0.005250161356818063,-0.023648534921282494
2022-08-17,-0.028630912956060506,-0.055538764601720914
2022-08-18,0.002369589161545527,0.0003832239471890375
2022-08-19,-0.10344129455402006,-0.0772369621934561
2022-08-22,-0.005275048769973623,-0.04486573270930139
2022-08-23,0.021670576705699496,0.034045808934799915
2022-08-24,-0.012332367917884036,-0.005874938848870581
2022-08-25,0.0077982291885989605,-0.0009263278535986963
2022-08-26,-0.08878950473249052,-0.0447122181768953
2022-08-29,0.05426992866027387,-0.012768399118244123
2022-08-30,-0.033587223160291654,0.014089058746487026
2022-08-31,0.004630540776687653,0.008324277449978101
2022-09-01,0.004006466941847364,-0.02384222979072481
2022-09-02,-0.007090277633940545,0.019469665676237646
2022-09-06,-0.049810395360674775,-0.04572739626293787
2022-09-07,0.022163640743865898,0.07253405269501956
2022-09-08,0.0022734304643599046,0.017340245836048318
2022-09-09,0.1006802599577803,0.04388646365191917
2022-09-12,0.0270562926276412,0.04242584104067504
2022-09-13,-0.0981446398891137,-0.07174387333241805
2022-09-14,0.0005322851101769999,-0.025105936493528436
2022-09-15,-0.027651493476444244,-0.0207217434049225
2022-09-16,0.0024020896589718177,-0.01816002669358907
2022-09-19,0.007789029202227127,-0.027692740143471006
2022-09-20,-0.03440497224112704,-0.04729673660658529
2022-09-21,-0.01954692491768739,0.016015422855149897
2022-09-22,0.04603426931553756,0.01115252157137725
2022-09-23,-0.007263449928453625,-0.07382359172987174
2022-09-26,0.022145690812985563,0.03807188877764345
2022-09-27,-0.005548413095024074,-0.02227690634851065
2022-09-28,0.017000597893112257,0.03748640119292013
2022-09-29,0.0057428273239956695,-0.01904826763818601
2022-09-30,-0.006194420272247925,0.0019212741795517907
2022-10-03,0.02968787098139754,-0.007707159809763997
2022-10-04,0.034970605594659844,0.07092525884759748
2022-10-05,-0.0063372697340258926,0.00986109780208011
2022-10-06,-0.021017145016180606,0.01680708145118226
2022-10-07,0.001832767502179422,-0.03390147667407151
2022-10-10,-0.020220586488536085,-0.02248324467753271
2022-10-11,-0.0009863696220098932,-0.0023228460129165462
2022-10-12,-0.02047891047112227,0.007414299394541857
2022-10-13,0.0008162040607331278,-0.011142165946746996
2022-10-14,-0.00565573793642038,-0.007497684901766277
2022-10-17,0.03643842113900882,0.013826805065726866
2022-10-18,-0.0010119840207674833,0.0020391436053821543
2022-10-19,-0.006978702047582589,-0.04740223803727117
2022-10-20,-0.019841129100874134,-0.005842316493918531
2022-10-21,-0.00875724410554953,-0.013766135643126454
2022-10-24,-0.022352570361236165,0.011811149287128675
2022-10-25,0.03109203889468611,0.05704963430992782
2022-10-26,0.010645117733473578,0.05221707672464282
2022-10-27,-0.019507529699547277,-0.032994512882102534
2022-10-28,0.02358572471644571,0.020637833982438014
2022-10-31,0.022933689596814112,-0.021544797774406987
2022-11-01,-0.018904811367620587,-0.0009078737409913273
2022-11-02,-0.025016331788887493,0.012635492170466112
2022-11-03,0.016588154361281762,-0.017460962463133445
2022-11-04,0.06349292320224098,0.04226300327580024
2022-11-07,-0.0076214200893181434,-0.04290206566246191
2022-11-08,-0.07039103047543112,-0.12018315261193946
2022-11-09,-0.21349126147369973,-0.12139403861545484
2022-11-10,0.13466393820736117,0.03765418144622057
2022-11-11,-0.053064986858607104,-0.19471612881304234
2022-11-14,0.02303035841120842,-0.06753621067339322
2022-11-15,0.016139422060046375,0.10884787425621845
2022-11-16,-0.015198189257047544,-0.049508423044623884
2022-11-17,0.0005662953146106989,0.02439143027014601
2022-11-18,0.009132031180253897,0.048343882767125645
2022-11-21,-0.030183634937268878,-0.11762365915425366
2022-11-22,0.03517110141931088,0.017070167394796387
2022-11-23,0.06226634634758828,0.03737458881572864
2022-11-25,0.00724449270026266,0.005420062216286103
2022-11-28,-0.035274688229279684,-0.038572303746893244
2022-11-29,0.01572236795540416,-0.008462665950451864
2022-11-30,0.0464473283136492,0.021023913187430132
2022-12-01,-0.011670167875356796,-0.016783594522099765
2022-12-02,0.006663385311719949,0.0014094085496367814
2022-12-05,-0.010203432696376542,0.0028129387354847157
2022-12-06,0.007386300970805947,-0.044515597591717526
2022-12-07,-0.013980796326581075,-0.041985136340749296
2022-12-08,0.020533915646902656,-0.07304834206655553
2022-12-09,-0.004909033168580379,0.0018104983210216474
2022-12-12,0.007558459136484193,-0.006765126041721414
2022-12-13,0.032031766606243295,0.0810610731359871
2022-12-14,0.0007543786528471467,-0.004590705753806379
2022-12-15,-0.025812820311098623,-0.07978711686080375
2022-12-16,-0.04244519911603876,-0.03722930571468219
2022-12-19,-0.01811474885438772,-0.04405998831270974
2022-12-20,0.02538915142336447,-0.012692857684497127
2022-12-21,-0.004322886652185905,0.0036429877979378134
2022-12-22,0.0011178222047671937,-0.033274756617696744
2022-12-23,-0.0016024489530579444,-0.001881511142862058
2022-12-27,-0.01460360852230084,-0.04035130344708304
2022-12-28,-0.008240851494063506,-0.035931975019667384
2022-12-29,0.004644261908002415,0.04568818718247636
2022-12-30,-0.0002139989275426284,0.041831154016022776
2023-01-03,0.0011100731963328949,0.03836087551085421
2023-01-04,0.02766487684319303,0.09563595769356459
2023-01-05,-0.004075264071985174,-0.015593223726277916
2023-01-06,0.010878967995027545,0.012330581136982044
2023-01-09,0.0351391768103186,0.0875558840260049
2023-01-10,0.007533532249518339,0.0791210769580335
2023-01-11,0.026920804285522237,0.023240974288838423
2023-01-12,0.03243527701763363,0.09653786734905401
2023-01-13,0.027756793910580592,0.01219531989992051
2023-01-17,0.02174487919456443,0.08701137698963013
2023-01-18,-0.04953634122683664,-0.0419800589800583
2023-01-19,0.014121156419220248,0.07691807759715541
2023-01-20,0.06340375973895594,0.04202304999113027
2023-01-23,0.02129519526366739,0.022884235675134867
2023-01-24,-0.0284797712738202,-0.005545701270830872
2023-01-25,0.03251542170119439,-0.007103089059340206
2023-01-26,-0.0033195515641299515,0.003050402622477133
2023-01-27,0.013515313996961887,-0.02258825621806171
2023-01-30,-0.05878165705018273,-0.04567977437088189
2023-01-31,0.018793864011936813,0.05085846949196471
2023-02-01,0.024206541693443384,-0.0041407885780619935
2023-02-02,-0.01029311946488202,0.03165138776432119
2023-02-03,-0.0002684559562607565,-0.045228631376379
2023-02-06,-0.0037759589400791307,-0.018037632047004593
2023-02-07,0.020591432817432438,-0.005367719858277553
2023-02-08,-0.01194331889008519,-0.007021317441185282
2023-02-09,-0.043793553474476,-0.08656805315109128
2023-02-10,-0.008614015103052708,-0.019334615761823937
2023-02-13,-0.0006158492065283148,-0.010661634254666374
2023-02-14,0.019086583692687377,0.04524582564885682
2023-02-15,0.08647629207310992,0.08424271572244013
2023-02-16,-0.025285667935946183,0.03211640633831525
2023-02-17,0.037213196622585556,-0.020943154498284766
2023-02-21,-0.015329281051829586,-0.026811257999123317
2023-02-22,-0.01083728932776277,-0.024760486445011942
2023-02-23,-0.009637531640311892,-0.0027894659023264268
2023-02-24,-0.02535733190169568,-0.019177133741885122
2023-02-27,-0.0035607908180275883,-0.0091533734967304
2023-02-28,-0.014111487282708168,0.0026401627348286993
2023-03-01,0.05893689207111675,-0.013038887907064645
2023-03-02,-0.025613825678872982,0.01590084082023946
2023-03-03,-0.06763363454009128,-0.034658700588084734
2023-03-06,-0.010556450844406122,0.024894676440716967
2023-03-07,-0.014055791276656925,0.04480807113256979
2023-03-08,-0.08206777833825173,0.01206812821812786
2023-03-09,-0.06815294737580381,-0.045741363511960564
2023-03-10,0.004358309835352672,-0.03602951227945406
2023-03-13,0.0676919043098512,0.11322307017232092
2023-03-14,0.06844964773433153,0.025251719790440497
2023-03-15,-0.0783101118566423,-0.03833494018188599
2023-03-16,0.029647413484176783,0.012766118518451997
2023-03-17,0.08877156115990832,0.03938333947482464
2023-03-20,-0.06651603163388992,0.0437445074803926
2023-03-21,0.03174871617782186,0.04191094650060556
2023-03-22,-0.042612772449193974,-0.03802745006993957
2023-03-23,0.021360633846367112,0.06290201710703736
2023-03-24,-0.046526068667215724,-0.05999919102080131
2023-03-27,-0.05510820609742837,-0.02197894357575292
2023-03-28,0.03944883278774872,0.016164933146166405
2023-03-29,0.05295613609369583,0.060155797880575346
2023-03-30,-0.0252508875468722,-0.010856673550772467
2023-03-31,0.025017348953415897,0.012867768375228295
2023-04-03,-0.005789383482312548,-0.020295924863232617
2023-04-04,0.01259654933419696,0.010199496107305972
2023-04-05,0.014030013772162701,-0.0036968582970646757
2023-04-06,-0.0167568959327562,0.0
2023-04-10,0.0359544785979247,0.03636760948034112
2023-04-11,-0.009546622932990072,0.027302481348117524
2023-04-12,-0.008332346042045073,-0.005226529277086112
2023-04-13,0.017662524011463062,0.02756424682241354
2023-04-14,0.03394811415012474,0.0008491953908649208
2023-04-17,-0.019162006224741325,-0.019717702073816845
2023-04-18,0.019149082205235604,0.017167787108524735
2023-04-19,-0.06576808905595827,-0.024118286168260727
2023-04-20,-0.012964369628353355,-0.028026445354572882
2023-04-21,-0.04694427341584294,-0.011089700011244652
2023-04-24,-0.004177342977236279,-0.031310123272335844
2023-04-25,0.0223811112191281,-0.01793342862027636
2023-04-26,-0.008291799267953181,0.0075901620555276494
2023-04-27,0.014658908637215508,0.020580732571803928
2023-04-28,-0.004513998150524089,-0.0037105757856248367
2023-05-01,-0.028632376949705746,-0.044663029866415016
2023-05-02,0.0035556115372885246,0.03344797004190436
2023-05-03,0.013584204805586761,0.006090398734027502
2023-05-04,-0.02710166568919548,0.013454200230266888
2023-05-05,0.011445641997523287,0.03174864612618222
2023-05-08,-0.07663118757635727,-0.057137382136101866
2023-05-09,-0.007561069146011883,0.0030205411324306652
2023-05-10,0.042564271702556535,0.010314260284580268
2023-05-11,-0.05863819476508809,-0.030305411084514677
2023-05-12,0.028872150715260916,-0.02236355190521344
2023-05-15,0.012389475813938972,0.02715974259634857
2023-05-16,0.001868147556788458,-0.011549684412800243
2023-05-17,0.0195149036138909,0.00579156240883183
2023-05-18,-0.016871578260418046,-0.01747620224190083
2023-05-19,0.02738114955068426,0.01071609456930922
2023-05-22,0.0044338238501890675,-0.003883496430665989
2023-05-23,0.0075850347315609455,0.012566633917605152
2023-05-24,-0.03477662571525503,-0.03221361289468039
2023-05-25,0.00695814013745164,0.004948074483441367
2023-05-26,0.007843858416184561,0.014698904493633869
2023-05-30,0.006729727912231492,0.036298170372183414
2023-05-31,-0.03389460534724795,-0.019705088882891353
2023-06-01,0.00803255484452338,0.0026753196724094153
2023-06-02,0.012717277377510605,0.003809615610064654
2023-06-05,-0.042642356273362526,-0.014071960398931882
2023-06-06,0.031295370986386635,0.007395669734391763
2023-06-07,-0.03182010896206057,-0.026176919058328973
2023-06-08,0.004544726234532678,0.005876556159268631
2023-06-09,-0.006029629327493132,0.00778213322250032
2023-06-12,-0.01717436469592564,-0.0486448040843821
2023-06-13,0.00526364760922344,-0.02471802159124481
2023-06-14,-0.040348221763132824,-0.004598735774691942
2023-06-15,0.003086678727000334,-0.031498617507466964
2023-06-16,0.03953216648215539,0.03191762294054179
2023-06-20,0.02311357398213947,0.06878336075147651
2023-06-21,0.04408060669733591,0.07257073758201837
2023-06-22,-0.010631633630612099,0.0
2023-06-23,0.025074340444508177,0.026907469799115624
2023-06-26,-0.02743199951275261,-0.02872734820678291
2023-06-27,0.012042118642741453,0.03402298868022813
2023-06-28,-0.047578318366910156,-0.017493635469983726
2023-06-29,0.021368812852907672,0.011312627181794266
2023-06-30,0.07070529086740228,0.004418936972585996
2023-07-03,0.003734952570740783,0.0161822440280579
2023-07-05,-0.006921132960055883,-0.015300778246307267
2023-07-06,-0.0125382901023956,0.0
2023-07-07,0.008993985910850691,0.011388573479456543
2023-07-10,0.004068697412589491,0.023246889573632856
2023-07-11,0.002666658282192813,-0.002983155605408072
2023-07-12,0.0064794174560134365,-0.002136345396138495
2023-07-13,0.023987455302746593,0.17889396447285977
2023-07-14,-0.013924640330410002,-0.04986365449280594
2023-07-17,-0.0034887810020875296,0.0015025926324727656
2023-07-18,0.004904599225696711,-0.014976451046746053
2023-07-19,-0.00146819043712032,0.006532529326649161
2023-07-20,-0.0020425913493342662,-0.0036408061787045476
2023-07-21,-0.0018370828097733494,0.018818771612576057
2023-07-24,-0.007448115615114936,-0.031051328453385985
2023-07-25,0.004967421650924267,0.009569451016150587
2023-07-26,0.004806499836930082,-0.0019065491507554988
2023-07-27,-0.008577447300809263,-0.04289157855114212
2023-07-28,0.0061176471940459125,0.0026260303858545164
2023-07-31,0.0018764196239630473,0.002302067421983356
2023-08-01,0.012121128568969297,-0.014535848509456883
2023-08-02,-0.014830124486026719,0.00641541270055912
2023-08-03,0.001360783691898959,0.01349763030184059
2023-08-04,-0.0061862030386583555,-0.0047431250317218066
2023-08-07,0.005066261057079302,-0.011957066939206396
2023-08-08,0.02084491965337243,0.02846039157537561
2023-08-09,-0.00878281161858041,-0.005470876826926041
2023-08-10,-0.004068199713072929,0.001566132201023862
2023-08-11,-0.0019933226626092093,-0.007855454978545229
2023-08-14,0.0018560637858309192,0.0
2023-08-15,-0.006714513236617314,-0.01750245665570871
2023-08-16,-0.014962628100222197,-0.010082763346961787
2023-08-17,-0.05813526709199479,-0.028367803123871216
2023-08-18,-0.03970880597843163,-0.07712780726509871
2023-08-21,-0.0022830902079702398,0.015199225984648734
2023-08-22,-0.0046132725549128395,-0.016822218189449067
2023-08-23,0.017996333789456642,0.02389562705694903
2023-08-24,-0.011949393656189855,-0.026787332312243617
2023-08-25,-0.00527177087884656,0.0
2023-08-28,-0.006817549705016468,-0.0003621165688043604
2023-08-29,0.05792969942661497,0.15554648382265857
2023-08-30,-0.005939210265833772,-0.004660161128301699
2023-08-31,-0.04735656025178869,-0.03123404375974026
2023-09-01,-0.005910505166077347,-0.02110469852049457
2023-09-05,-0.0007598541923658313,0.004910027920583371
2023-09-06,-0.0007354260104014779,-0.0008166786060526121
2023-09-07,0.01988449004289864,0.008946835577539058
2023-09-08,-0.012105029881640897,-0.005439902026399768
2023-09-11,-0.027199547179154255,-0.05721106093818307
2023-09-12,0.029345684827050647,0.03473452415185729
2023-09-13,0.013297027660528943,0.002328666848944838
2023-09-14,0.012896994875958965,0.011726965338791473
2023-09-15,0.00013257570628274085,-0.02493896376966065
2023-09-18,0.012231752843505934,0.01420835219771055
2023-09-19,0.013038461966100218,0.01564458261940027
2023-09-20,-0.0023294349617201484,0.002448037645688572
2023-09-21,-0.020137361825584083,-0.03567365368702191
2023-09-22,-0.0006924967916403328,-0.00042239615416894694
2023-09-25,-0.0003768126483816302,-0.006782554461638668
2023-09-26,-0.0035497748778764064,-0.011120740254122463
2023-09-27,0.006413049660793627,0.0021481957941063
2023-09-28,0.02315181736118236,0.01870805171286083
2023-09-29,-0.00016119189430104553,0.00437122805786494
2023-10-02,-0.015230447925401513,0.017296305352242136
2023-10-03,-0.004235308375840852,-0.041320209674675645
2023-10-04,0.01279132267630878,0.028042019162234144
2023-10-05,-0.013231732321064449,-0.042668587456145435
2023-10-06,0.019392038777227505,0.015141988224286251
2023-10-09,-0.012550766758721466,-0.027864288119026526
2023-10-10,-0.006744946899462256,-0.006644525876737806
2023-10-11,-0.02018453830073863,-0.01342298596549929
2023-10-12,-0.004097258693632533,0.011643585302850035
2023-10-13,0.004380412379267007,0.015024593950412335
2023-10-16,0.049549428768624004,0.05793786425275238
2023-10-17,-0.0031077793152185507,0.018048091694326196
2023-10-18,-0.0037342778697722068,-0.0032573287082140467
2023-10-19,0.013850652272773267,0.06152622951761488
2023-10-20,0.0331221595194533,0.059694782519988276
2023-10-23,0.09584469590147737,0.11585438127008141
2023-10-24,0.02589934056405152,0.08979600157147472
2023-10-25,0.017781957077740884,0.06930651008923361
2023-10-26,-0.009545933346282176,-0.03860611604256947
2023-10-27,-0.008349322735738518,-0.013207280699694568
2023-10-30,-0.0018425808411732802,0.02511550657622763
2023-10-31,0.004049486912882649,0.0005635519420112978
2023-11-01,0.004298562932013953,0.013986241974739855
2023-11-02,-0.009777427446650222,0.018603615951855446
2023-11-03,0.008973024853501599,0.002015671250880313
2023-11-06,-0.0012176739477410454,0.012170556129380117
2023-11-07,-0.005741309240137345,0.026003044502455275
2023-11-08,-0.004910699388092668,0.014044467644118264
2023-11-09,0.041843082014915524,0.030020068203596928
2023-11-10,-0.013383222134086973,0.03351710482446668
2023-11-13,0.004381106586563691,0.02110392692927965
2023-11-14,-0.00814688650652092,-0.08257716692630268
2023-11-15,0.01370643995213457,0.08636684104999848
2023-11-16,-0.01111624711713155,-0.0489320304709171
2023-11-17,0.0017120292110582487,0.05129336068070023
2023-11-20,0.0004044752393814003,0.04654137901925681
2023-11-21,-0.008343814626065555,0.007178216333126208
2023-11-22,0.02098683554990366,0.008014219097392417
2023-11-24,0.005046024192978097,0.023231406218817252
2023-11-27,-0.00036921973169275635,-0.012644554904349015
2023-11-28,0.011959643747567306,0.01627744683049448
2023-11-29,-0.002568741850235886,-0.019617824889124336
2023-11-30,0.002618061923985652,-0.016155167243715685
2023-12-01,0.005843272944300833,0.01949554530234554
2023-12-04,0.011423499687338651,0.04100796170536869
2023-12-05,-0.00389575026117465,0.03338197802827736
2023-12-06,-0.006830868697877375,0.01936330971301725
2023-12-07,0.014800708896739678,-0.025492016211432045
2023-12-08,0.01916374896961059,0.0182746512283809
2023-12-11,0.010403668323895646,-0.07164082891683998
2023-12-12,0.019941440759855485,-0.016651793579732566
2023-12-13,-0.008521677537059938,0.03243527575315408
2023-12-14,0.0006849274152995002,-0.0046918666485775695
2023-12-15,-0.02277273929908071,-0.05176595781660298
2023-12-18,0.01698160373113803,0.007625068699587345
2023-12-19,0.02515677980997329,-0.0013413272569460233
2023-12-20,0.026428072382358003,0.028667877801575425
2023-12-21,0.025428873703204975,0.017241790132380697
2023-12-22,0.007146877731536586,0.019048227267357554
2023-12-26,0.07171248808537545,-0.010537505133352276
2023-12-27,0.05822154987839667,0.02696371697647937
2023-12-28,-0.000544072929542061,0.005142456902251347
2023-12-29,-0.0373134909167548,-0.05135813802019751
